LOINC_NUM,LONG_COMMON_NAME,PROPERTY,CLASS,Keyword,Category
100282-3,Vaccine exemption certificate,Find,DOC.ADMIN,certificate,Other
10228-5,Cardiac measurement device Vendor serial number,ID,HEMODYN.ATOM,number,Other
10251-7,Heart rate device Vendor serial number,ID,HRTRATE.ATOM,number,Other
10299-6,Biliary drain Vendor serial number,ID,IO.TUBE,number,Other
10300-2,Chest tube Vendor serial number,ID,IO.TUBE,number,Other
10301-0,Enteral tube Vendor serial number,ID,IO.TUBE,number,Other
10302-8,Gastrostomy tube Vendor serial number,ID,IO.TUBE,number,Other
10303-6,GI tube Vendor serial number,ID,IO.TUBE,number,Other
10304-4,Intravascular tube Vendor serial number,ID,IO.TUBE,number,Other
10305-1,IO tube Vendor serial number,ID,IO.TUBE,number,Other
10306-9,Nasogastric tube Vendor serial number,ID,IO.TUBE,number,Other
10307-7,Oral tube Vendor serial number,ID,IO.TUBE,number,Other
10308-5,Peritoneal drain Vendor serial number,ID,IO.TUBE,number,Other
10309-3,Peritoneal tube Vendor serial number,ID,IO.TUBE,number,Other
10310-1,Rate control device Vendor serial number,ID,IO.TUBE,number,Other
10311-9,Stool collection device Vendor serial number,ID,IO.TUBE,number,Other
10312-7,Subarachnoid drain Vendor serial number,ID,IO.TUBE,number,Other
10313-5,Synovial drain Vendor serial number,ID,IO.TUBE,number,Other
10314-3,Tube or drain Vendor serial number,ID,IO.TUBE,number,Other
10315-0,Upper GI tube Vendor serial number,ID,IO.TUBE,number,Other
10316-8,Bladder irrigation tube Vendor serial number,ID,IO.TUBE,number,Other
10317-6,Urine tube Vendor serial number,ID,IO.TUBE,number,Other
10318-4,Wound drain device Vendor serial number,ID,IO.TUBE,number,Other
10321-8,Enema device Vendor serial number,ID,IO_IN.MOLEC,number,Other
10326-7,Breath rate device Vendor serial number,ID,RESP.ATOM,number,Other
103595-5,Certificate of Medical Necessity,Find,ATTACH,certificate,Patient
104531-9,Temporary incapacity certificate,Find,DOC.ONTOLOGY,certificate,Other
104582-2,Pediatrics Telephone encounter Consult note,Find,DOC.ONTOLOGY,telephone,Other
104583-0,Gynecology Telephone encounter Consult note,Find,DOC.ONTOLOGY,telephone,Other
104584-8,Gynecologic oncology Telephone encounter Consult note,Find,DOC.ONTOLOGY,telephone,Other
104586-3,Child and adolescent psychiatry Telephone encounter Note,Find,DOC.ONTOLOGY,telephone,Other
104748-9,Medication order stop [Date],Date,MEDS,date,Patient
104782-8,Order start date,Date,CLIN,date,Patient
104791-9,Medication dispense expiry date Medication,Date,MEDS,date,Other
104807-3,Medication cessation date time,Date,MEDS,date,Patient
104820-6,Medication dispense start date Medication,Date,MEDS,date,Other
104893-3,Information updated date and time,TmStp,ADMIN,date,Patient
104897-4,Longitude [Identifier],ID,DOC.ADMIN,"longitude, identifier",Other
104906-3,Procedure end date and time,TmStp,ADMIN,date,Patient
104914-7,Date first reaction,Date,ADMIN,date,Patient
104917-0,Communication phone number or email address Person,EmailAddr,ADMIN,"address, number, phone, email",Other
104919-6,Date and time of condition resolution,TmStp,ADMIN,date,Patient
104960-0,Device identifier of unspecified type,ID,ADMIN,identifier,Patient
104962-6,Device review due date,Date,ADMIN,date,Patient
104966-7,Latitude [Identifier],ID,DOC.ADMIN,"latitude, identifier",Other
104968-3,Location end date and time,Date,ADMIN,date,Patient
104969-1,Location start date and time,Date,ADMIN,date,Patient
104970-9,Map URL [Address] Person Narrative,Addr,ADMIN,"address, url",Other
104988-1,Medical fitness certificate,Find,DOC.ONTOLOGY,certificate,Other
104989-9,Fetal death certificate,Find,DOC.ONTOLOGY,certificate,Other
104990-7,Driver license medical fitness certificate,Find,DOC.ONTOLOGY,"license, certificate",Other
105039-2,Date of expiration,Date,DOC.ADMIN,date,Other
105513-6,Date blood drawn for lipid profile,Date,PHENX,date,Patient
105521-9,Breastfeeding start date,Date,H&P.HX,date,Patient
105580-5,Immunization certificate,Find,DOC.ONTOLOGY,certificate,Other
105581-3,Proof of medical test certificate,Find,DOC.ONTOLOGY,certificate,Other
105582-1,Recovery certificate,Find,DOC.ONTOLOGY,certificate,Other
106163-9,Allergy last occurance date,Date,ADMIN,date,Patient
106177-9,Date and time of last update of data,Date,ADMIN,date,Patient
106180-3,End date and time,Date,ADMIN,date,Patient
106181-1,Entity Address line,Addr,ADMIN,address,Other
106188-6,Entity Simple Name,Find,ADMIN,name,Other
106189-4,Entity Name Status,Find,ADMIN,name,Other
106190-2,Entity Name Title,Find,ADMIN,name,Other
106193-6,Person [Identifier],ID,ADMIN,identifier,Patient
106197-7,Start date and time Unspecified body region,Date,ADMIN,date,Other
11296-1,ED clinical finding practitioner identifier,ID,ADMIN.ID,identifier,Provider
11298-7,ED consultant practitioner identifier,ID,ADMIN.ID,identifier,Provider
11312-6,ED procedure practitioner identifier,ID,ADMIN.ID,identifier,Provider
11319-1,Ambulance transport unit [Identifier] EMS system,ID,ADMIN.ID,identifier,Other
11368-8,Illness or injury onset date and time,TmStp,H&P.HX,date,Patient
11489-2,Dictating practitioner identifier,ID,ATTACH.CLINRPT,identifier,Provider
11513-9,Provider.signing [Identifier] Report,ID,ADMIN.ID,identifier,Other
11530-3,Surgeon.assisting [Identifier],ID,ADMIN.ID,identifier,Other
11531-1,Surgeon.resident [Identifier],ID,ADMIN.ID,identifier,Other
11532-9,Surgeon.staff [Identifier],ID,ADMIN.ID,identifier,Other
11976-8,Ovulation date,Date,OB.US,date,Patient
12161-6,OB ultrasound imaging device Vendor serial number,ID,OB.US,number,Other
14687-8,Transfusion date,TmStp,BLDBK,date,Patient
18177-6,Cardiac echo imaging device Vendor serial number,ID,CARD.US,number,Other
18581-9,"Ambulance transport, Origination site Address",Addr,ATTACH.AMB,address,Other
18583-5,"Ambulance transport, Destination site Address",Addr,ATTACH.AMB,address,Other
18598-3,Control number identification.claims attachment,ID,ATTACH,number,Patient
18600-7,Primary practitioner identifier,ID,ATTACH,identifier,Provider
18602-3,ED practitioner identifier,ID,ATTACH,identifier,Provider
18627-0,"Deprecated Psychiatric rehabilitation treatment plan, Date onset or exacerbation of primary diagnosis",Date,ATTACH.REHAB.PSYCH,date,Other
18628-8,"Deprecated Psychiatric rehabilitation treatment plan, start date",TmStp,ATTACH.REHAB.PSYCH,date,Other
18633-8,"Deprecated Psychiatric rehabilitation treatment plan, Author name",Pn,ATTACH.REHAB.PSYCH,name,Other
18635-3,"Deprecated Psychiatric rehabilitation treatment plan, Signature date Date and time",TmStp,ATTACH.REHAB.PSYCH,date,Other
18639-5,"Psychiatric rehabilitation treatment plan, Date range (from/through) described by plan Set",Cmplx,ATTACH.REHAB.PSYCH,date,Other
18640-3,"Deprecated Psychiatric rehabilitation treatment plan, Start date",Date,ATTACH.REHAB.PSYCH,date,Other
18641-1,"Deprecated Psychiatric rehabilitation treatment plan, End date",Date,ATTACH.REHAB.PSYCH,date,Other
18642-9,"Psychiatric rehabilitation treatment plan, Date range (from/through) Set",Cmplx,ATTACH.REHAB.PSYCH,date,Other
18643-7,"Deprecated Psychiatric rehabilitation treatment plan, Start date of hospitalization leading to treatment",Date,ATTACH.REHAB.PSYCH,date,Other
18644-5,"Deprecated Psychiatric rehabilitation treatment plan, End date of hospitalization leading to treatment",Date,ATTACH.REHAB.PSYCH,date,Other
18646-0,"Deprecated Psychiatric rehabilitation treatment plan, Date attending MD referred patient for Date",Date,ATTACH.REHAB.PSYCH,date,Other
18647-8,"Deprecated Psychiatric rehabilitation treatment plan, Date attending MD signed Date and time",TmStp,ATTACH.REHAB.PSYCH,date,Other
18648-6,"Deprecated Psychiatric rehabilitation treatment plan, Date rehabilitation professional signed Date and time",TmStp,ATTACH.REHAB.PSYCH,date,Other
18653-6,"Deprecated Psychiatric rehabilitation treatment plan, Estimated date of completion Date",Date,ATTACH.REHAB.PSYCH,date,Other
18654-4,"Deprecated Psychiatric rehabilitation treatment plan, Date of last plan of treatment certification",Date,ATTACH.REHAB.PSYCH,date,Other
18670-0,"Rehabilitation treatment plan, Date of next planned rehabilitation treatment Set",Cmplx,ATTACH.REHAB.ABUSE,date,Other
18694-0,ED consultant practitioner name,Pn,ATTACH.ED,name,Provider
18700-5,ED practitioner name,Pn,ATTACH.ED,name,Provider
18705-4,ED referring practitioner name,Pn,ATTACH.ED,name,Provider
18706-2,ED referring practitioner identifier,ID,ATTACH.ED,identifier,Provider
18711-2,Primary practitioner name,Pn,ATTACH.ED,name,Provider
18730-2,"Deprecated Psychiatric rehabilitation treatment plan, Author ID Identifier",ID,ATTACH.REHAB.PSYCH,identifier,Other
18770-8,Dictating practitioner name,Pn,ATTACH.CLINRPT,name,Provider
18771-6,Provider signing name,Pn,ADMIN,name,Other
18772-4,Surgeon.resident name,Pn,ATTACH.CLINRPT,name,Other
18773-2,Surgeon.staff name,Pn,ATTACH.CLINRPT,name,Other
18774-0,Staff practitioner name,Pn,ATTACH.CLINRPT,name,Provider
18775-7,Staff practitioner identifier,ID,ATTACH.CLINRPT,identifier,Provider
18779-9,Radiology Comparison study - date and time,TmStp,ATTACH.CLINRPT,date,Other
18781-5,Ordering practitioner name,Pn,ATTACH.CLINRPT,name,Provider
18812-8,"Ambulance transport, Ordering practitioner Identifier",ID,ATTACH.AMB,identifier,Other
18813-6,"Ambulance transport, Ordering practitioner name",Pn,ATTACH.AMB,name,Other
19086-8,Collection of urine specimen end date,Date,SPEC,date,Other
19088-4,Collection of urine specimen start date,Date,SPEC,date,Other
19111-4,Mother's hospital number,ID,ADMIN.ID,number,Other
19132-0,Mother's name,Pn,CLIN,name,Other
19139-5,Pathologist name,Pn,CLIN,name,Provider
19151-0,Specimen drawn [Date and time] of Serum or Plasma,TmStp,SPEC,date,Other
19786-3,Endoscopy device Vendor serial number,ID,ENDO.GI,number,Other
19788-9,Date and time of cleaning Endoscopy device,TmStp,ENDO.GI,date,Other
19821-8,Return visit post GI procedure [Date and time],TmStp,ENDO.GI,date,Patient
19823-4,Return visit post GI procedure [Telephone number],Tele,ENDO.GI,"number, telephone",Patient
19825-9,Facility location [Identifier] Endoscopy procedure,Prid,ENDO.GI,identifier,Other
21112-8,Birth date,TmStp,MISC,date,Patient
21851-1,Address at cancer diagnosis,Xad,TUMRRGT,address,Patient
21854-5,Date first Dx Cancer,Date,TUMRRGT,date,Other
21863-6,Date last screened Cancer,Date,TUMRRGT,date,Other
21865-1,Hospital.reporting [Identifier] Cancer,ID,TUMRRGT,identifier,Other
21869-3,Hospital admission.first contact [Date and time] Cancer,TmStp,TUMRRGT,date,Other
21870-1,Date of inpatient admission Cancer,TmStp,TUMRRGT,date,Other
21871-9,Date of inpatient discharge Cancer,TmStp,TUMRRGT,date,Other
21875-0,Cancer conference [Date and time],TmStp,TUMRRGT,date,Other
21919-6,Date 1st positive Bx Cancer,Date,TUMRRGT,date,Other
21925-3,Date 1st surgery treatment Cancer,Date,TUMRRGT,date,Other
21926-1,Date 1st radiation treatment Cancer,Date,TUMRRGT,date,Other
21927-9,Date 1st chemotherapy treatment Cancer,Date,TUMRRGT,date,Other
21928-7,Date 1st hormone treatment Cancer,Date,TUMRRGT,date,Other
21929-5,Date 1st immunotherapy treatment Cancer,Date,TUMRRGT,date,Other
21930-3,Date 1st other treatment Cancer,Date,TUMRRGT,date,Other
21931-1,Date 1st cancer treatment (any).SEERS,Date,TUMRRGT,date,Other
21932-9,Date 1st cancer treatment (any).COC,Date,TUMRRGT,date,Other
21933-7,Date non cancer directed surgery treatment as part of 1st cancer,Date,TUMRRGT,date,Other
21970-9,2nd course treatment start date Cancer Rx,Date,TUMRRGT,date,Other
21975-8,Date last contact,Date,TUMRRGT,date,Patient
21981-6,Recurrence date first episode Cancer,Date,TUMRRGT,date,Other
22005-3,Date case completed Cancer case,Date,TUMRRGT,date,Other
22006-1,Date case last changed Cancer case,Date,TUMRRGT,date,Other
22007-9,Date case report exported Cancer case,Date,TUMRRGT,date,Other
22008-7,Date case report received Cancer case,Date,TUMRRGT,date,Other
22009-5,Date case report loaded Cancer case,Date,TUMRRGT,date,Other
22010-3,Date tumor record available Cancer case,TmStp,TUMRRGT,date,Other
22018-6,Military patient number,ID,ADMIN.PATIENT.ID,number,Patient
22019-4,Death certificate number,ID,ADMIN.PATIENT.ID,"number, certificate",Patient
22020-2,Patient maiden name,Pn,TUMRRGT,name,Patient
22023-6,Last follow-up hospital [Identifier] Cancer registry,ID,ADMIN.ID,identifier,Other
22024-4,Following registry [Identifier] Cancer registry,ID,ADMIN.ID,identifier,Other
22025-1,Physician managing [Identifier],ID,ADMIN.ID,identifier,Patient
22026-9,Physician follow up [Identifier],ID,ADMIN.ID,identifier,Patient
22027-7,Surgeon primary [Identifier],ID,ADMIN.ID,identifier,Patient
22028-5,Physician [Identifier],ID,ADMIN.ID,identifier,Patient
27456-3,"Deprecated Cardiac rehabilitation treatment plan, Author ID Identifier",ID,ATTACH.REHAB.CARDIAC,identifier,Other
27458-9,"Deprecated Cardiac rehabilitation treatment plan, Start date of hospitalization leading to treatment",Date,ATTACH.REHAB.CARDIAC,date,Other
27459-7,"Deprecated Cardiac rehabilitation treatment plan, End date of hospitalization leading to treatment",Date,ATTACH.REHAB.CARDIAC,date,Other
27471-2,"Deprecated Skilled nursing treatment plan, Date onset or exacerbation of primary diagnosis",Date,ATTACH.REHAB.NURS,date,Other
27472-0,"Deprecated Skilled nursing treatment plan, start date",TmStp,ATTACH.REHAB.NURS,date,Other
27475-3,"Deprecated Alcohol-substance abuse rehabilitation treatment plan, start date",TmStp,ATTACH.REHAB.ABUSE,date,Other
27479-5,"Deprecated Alcohol-substance abuse rehabilitation treatment plan, Author name",Pn,ATTACH.REHAB.ABUSE,name,Other
27481-1,"Deprecated Alcohol-substance abuse rehabilitation treatment plan, Signature date Date and time",TmStp,ATTACH.REHAB.ABUSE,date,Other
27484-5,"Deprecated Cardiac rehabilitation treatment plan, Date onset or exacerbation of primary diagnosis",Date,ATTACH.REHAB.CARDIAC,date,Other
27485-2,"Deprecated Cardiac rehabilitation treatment plan, start date",TmStp,ATTACH.REHAB.CARDIAC,date,Other
27487-8,"Alcohol-substance abuse rehabilitation treatment plan, Date range (from/through) described by plan Set",Cmplx,ATTACH.REHAB.ABUSE,date,Other
27488-6,"Deprecated Alcohol-substance abuse rehabilitation treatment plan, Start date",Date,ATTACH.REHAB.ABUSE,date,Other
27489-4,"Deprecated Alcohol-substance abuse rehabilitation treatment plan, End date",Date,ATTACH.REHAB.ABUSE,date,Other
27490-2,"Alcohol-substance abuse rehabilitation treatment plan, Date range (from/through) of hospitalization leading to treatment Set",Cmplx,ATTACH.REHAB.ABUSE,date,Other
27492-8,"Deprecated Alcohol-substance abuse rehabilitation treatment plan, Date attending MD referred patient for Date",Date,ATTACH.REHAB.ABUSE,date,Other
27493-6,"Deprecated Alcohol-substance abuse rehabilitation treatment plan, Date attending MD signed Date and time",TmStp,ATTACH.REHAB.ABUSE,date,Other
27494-4,"Deprecated Alcohol-substance abuse rehabilitation treatment plan, Date rehabilitation professional signed",Date,ATTACH.REHAB.ABUSE,date,Other
27500-8,"Deprecated Alcohol-substance abuse rehabilitation treatment plan, Estimated date of completion Date",Date,ATTACH.REHAB.ABUSE,date,Other
27501-6,"Deprecated Alcohol-substance abuse rehabilitation treatment plan, Date of last plan of treatment certification",Date,ATTACH.REHAB.ABUSE,date,Other
27514-9,"Deprecated Alcohol-substance abuse rehabilitation treatment plan, Author ID Identifier",ID,ATTACH.REHAB.ABUSE,identifier,Other
27516-4,"Deprecated Alcohol-substance abuse rehabilitation treatment plan, Start date of hospitalization leading to treatment",Date,ATTACH.REHAB.ABUSE,date,Other
27517-2,"Deprecated Alcohol-substance abuse rehabilitation treatment plan, End date of hospitalization leading to treatment",Date,ATTACH.REHAB.ABUSE,date,Other
27520-6,"Deprecated Cardiac rehabilitation treatment plan, Author name",Pn,ATTACH.REHAB.CARDIAC,name,Other
27522-2,"Deprecated Cardiac rehabilitation treatment plan, Signature date Date and time",TmStp,ATTACH.REHAB.CARDIAC,date,Other
27533-9,"Cardiac rehabilitation treatment plan, Date range (from/through) described by plan Set",Cmplx,ATTACH.REHAB.CARDIAC,date,Other
27534-7,"Deprecated Cardiac rehabilitation treatment plan, Start date",Date,ATTACH.REHAB.CARDIAC,date,Other
27535-4,"Deprecated Cardiac rehabilitation treatment plan, End date",Date,ATTACH.REHAB.CARDIAC,date,Other
27536-2,"Cardiac rehabilitation treatment plan, Date range (from/through) of hospitalization leading to treatment Set",Cmplx,ATTACH.REHAB.CARDIAC,date,Other
27540-4,"Deprecated Cardiac rehabilitation treatment plan, Date attending MD referred patient for Date",Date,ATTACH.REHAB.CARDIAC,date,Other
27541-2,"Deprecated Cardiac rehabilitation treatment plan, Date attending MD signed Date and time",TmStp,ATTACH.REHAB.CARDIAC,date,Other
27542-0,"Deprecated Cardiac rehabilitation treatment plan, Date rehabilitation professional signed",Date,ATTACH.REHAB.CARDIAC,date,Other
27547-9,"Deprecated Cardiac rehabilitation treatment plan, Estimated date of completion Date",Date,ATTACH.REHAB.CARDIAC,date,Other
27548-7,"Deprecated Cardiac rehabilitation treatment plan, Date of last plan of treatment certification",Date,ATTACH.REHAB.CARDIAC,date,Other
27552-9,"Deprecated Skilled nursing treatment plan, Author name",Pn,ATTACH.REHAB.NURS,name,Other
27554-5,"Deprecated Skilled nursing treatment plan, Signature date Date and time",TmStp,ATTACH.REHAB.NURS,date,Other
27557-8,"Skilled nursing treatment plan, Date range (from/through) described by plan Set",Cmplx,ATTACH.REHAB.NURS,date,Other
27558-6,"Deprecated Skilled nursing treatment plan, Start date",Date,ATTACH.REHAB.NURS,date,Other
27559-4,"Deprecated Skilled nursing treatment plan, End date",Date,ATTACH.REHAB.NURS,date,Other
27560-2,"Skilled nursing treatment plan, Date range (from/through) of hospitalization leading to treatment Set",Cmplx,ATTACH.REHAB.NURS,date,Other
27562-8,"Deprecated Skilled nursing treatment plan, Date attending MD referred patient for Date",Date,ATTACH.REHAB.NURS,date,Other
27563-6,"Deprecated Skilled nursing treatment plan, Date attending MD signed Date and time",TmStp,ATTACH.REHAB.NURS,date,Other
27564-4,"Deprecated Skilled nursing treatment plan, Date rehabilitation professional signed",Date,ATTACH.REHAB.NURS,date,Other
27569-3,"Deprecated Skilled nursing treatment plan, Estimated date of completion Date",Date,ATTACH.REHAB.NURS,date,Other
27570-1,"Deprecated Skilled nursing treatment plan, Date of last plan of treatment certification",Date,ATTACH.REHAB.NURS,date,Other
27583-4,"Deprecated Skilled nursing treatment plan, Author ID Identifier",ID,ATTACH.REHAB.NURS,identifier,Other
27585-9,"Deprecated Skilled nursing treatment plan, Start date of hospitalization leading to treatment",Date,ATTACH.REHAB.NURS,date,Other
27586-7,"Deprecated Skilled nursing treatment plan, End date of hospitalization leading to treatment",Date,ATTACH.REHAB.NURS,date,Other
27598-2,"Deprecated Occupational therapy treatment plan, Date onset or exacerbation of primary diagnosis",Date,ATTACH.REHAB.OT,date,Other
27599-0,"Deprecated Occupational therapy treatment plan, start date",Date,ATTACH.REHAB.OT,date,Other
27603-0,"Deprecated Occupational therapy treatment plan, Author name",Pn,ATTACH.REHAB.OT,name,Other
27605-5,"Deprecated Occupational therapy treatment plan, Signature date Date and time",TmStp,ATTACH.REHAB.OT,date,Other
27608-9,"Occupational therapy treatment plan, Date range (from/through) described by plan Set",Cmplx,ATTACH.REHAB.OT,date,Other
27609-7,"Deprecated Occupational therapy treatment plan, Start date",Date,ATTACH.REHAB.OT,date,Other
27610-5,"Deprecated Occupational therapy treatment plan, End date",Date,ATTACH.REHAB.OT,date,Other
27611-3,"Occupational therapy treatment plan, Date range (from/through) of hospitalization leading to treatment Set",Cmplx,ATTACH.REHAB.OT,date,Other
27613-9,"Deprecated Occupational therapy treatment plan, Date attending MD referred patient for Date",Date,ATTACH.REHAB.OT,date,Other
27614-7,"Deprecated Occupational therapy treatment plan, Date attending MD signed Date and time",TmStp,ATTACH.REHAB.OT,date,Other
27615-4,"Deprecated Occupational therapy treatment plan, Date rehabilitation professional signed",Date,ATTACH.REHAB.OT,date,Other
27620-4,"Deprecated Occupational therapy treatment plan, Estimated date of completion Date",Date,ATTACH.REHAB.OT,date,Other
27621-2,"Deprecated Occupational therapy treatment plan, Date of last plan of treatment certification",Date,ATTACH.REHAB.OT,date,Other
27634-5,"Deprecated Occupational therapy treatment plan, Author ID Identifier",ID,ATTACH.REHAB.OT,identifier,Other
27636-0,"Deprecated Occupational therapy treatment plan, Start date of hospitalization leading to treatment",Date,ATTACH.REHAB.OT,date,Other
27637-8,"Deprecated Occupational therapy treatment plan, End date of hospitalization leading to treatment",Date,ATTACH.REHAB.OT,date,Other
27648-5,"Deprecated Physical therapy treatment plan, Start date of hospitalization leading to treatment",Date,ATTACH.REHAB.PT,date,Other
27649-3,"Deprecated Physical therapy treatment plan, End date of hospitalization leading to treatment",Date,ATTACH.REHAB.PT,date,Other
27661-8,"Deprecated Physical therapy treatment plan, Date onset or exacerbation of primary diagnosis",Date,ATTACH.REHAB.PT,date,Other
27662-6,"Deprecated Physical therapy treatment plan, start date",Date,ATTACH.REHAB.PT,date,Other
27666-7,"Deprecated Physical therapy treatment plan, Author name",Pn,ATTACH.REHAB.PT,name,Other
27668-3,"Deprecated Physical therapy treatment plan, Signature date Date and time",TmStp,ATTACH.REHAB.PT,date,Other
27671-7,"Physical therapy treatment plan, Date range (from/through) described by plan Set",Cmplx,ATTACH.REHAB.PT,date,Other
27672-5,"Deprecated Physical therapy treatment plan, Start date",Date,ATTACH.REHAB.PT,date,Other
27673-3,"Deprecated Physical therapy treatment plan, End date",Date,ATTACH.REHAB.PT,date,Other
27674-1,"Physical therapy treatment plan, Date range (from/through) of hospitalization leading to treatment Set",Cmplx,ATTACH.REHAB.PT,date,Other
27676-6,"Deprecated Physical therapy treatment plan, Date attending MD referred patient for Date",Date,ATTACH.REHAB.PT,date,Other
27677-4,"Deprecated Physical therapy treatment plan, Date attending MD signed Date and time",TmStp,ATTACH.REHAB.PT,date,Other
27678-2,"Deprecated Physical therapy treatment plan, Date rehabilitation professional signed Date and time",TmStp,ATTACH.REHAB.PT,date,Other
27683-2,"Deprecated Physical therapy treatment plan, Estimated date of completion Date",Date,ATTACH.REHAB.PT,date,Other
27684-0,"Deprecated Physical therapy treatment plan, Date of last plan of treatment certification",Date,ATTACH.REHAB.PT,date,Other
27697-2,"Deprecated Physical therapy treatment plan, Author ID Identifier",ID,ATTACH.REHAB.PT,identifier,Other
27700-4,"Deprecated Respiratory therapy treatment plan, Date onset or exacerbation of primary diagnosis",Date,ATTACH.REHAB.RT,date,Other
27701-2,"Deprecated Respiratory therapy treatment plan, start date",TmStp,ATTACH.REHAB.RT,date,Other
27705-3,"Deprecated Respiratory therapy treatment plan, Author name",Pn,ATTACH.REHAB.RT,name,Other
27707-9,"Deprecated Respiratory therapy treatment plan, Signature date Date and time",TmStp,ATTACH.REHAB.RT,date,Other
27710-3,"Respiratory therapy treatment plan, Date range (from/through) described by plan Set",Cmplx,ATTACH.REHAB.RT,date,Other
27711-1,"Deprecated Respiratory therapy treatment plan, Start date",Date,ATTACH.REHAB.RT,date,Other
27712-9,"Deprecated Respiratory therapy treatment plan, End date",Date,ATTACH.REHAB.RT,date,Other
27713-7,"Respiratory therapy treatment plan, Date range (from/through) of hospitalization leading to treatment Set",Cmplx,ATTACH.REHAB.RT,date,Other
27715-2,"Deprecated Respiratory therapy treatment plan, Date attending MD referred patient for Date",Date,ATTACH.REHAB.RT,date,Other
27716-0,"Deprecated Respiratory therapy treatment plan, Date attending MD signed Date and time",TmStp,ATTACH.REHAB.RT,date,Other
27717-8,"Deprecated Respiratory therapy treatment plan, Date rehabilitation professional signed Date and time",TmStp,ATTACH.REHAB.RT,date,Other
27722-8,"Deprecated Respiratory therapy treatment plan, Estimated date of completion Date",Date,ATTACH.REHAB.RT,date,Other
27723-6,"Deprecated Respiratory therapy treatment plan, Date of last plan of treatment certification",Date,ATTACH.REHAB.RT,date,Other
27736-8,"Deprecated Respiratory therapy treatment plan, Author ID Identifier",ID,ATTACH.REHAB.RT,identifier,Other
27738-4,"Deprecated Respiratory therapy treatment plan, Start date of hospitalization leading to treatment",Date,ATTACH.REHAB.RT,date,Other
27739-2,"Deprecated Respiratory therapy treatment plan, End date of hospitalization leading to treatment",Date,ATTACH.REHAB.RT,date,Other
27751-7,"Deprecated Medical social services treatment plan, Date onset or exacerbation of primary diagnosis",Date,ATTACH.REHAB.SOCIAL,date,Other
27752-5,"Deprecated Medical social services treatment plan, start date",TmStp,ATTACH.REHAB.SOCIAL,date,Other
27756-6,"Deprecated Medical social services treatment plan, Author name",Pn,ATTACH.REHAB.SOCIAL,name,Other
27758-2,"Deprecated Medical social services treatment plan, Signature date Date and time",TmStp,ATTACH.REHAB.SOCIAL,date,Other
27761-6,"Medical social services treatment plan, Date range (from/through) described by plan Set",Cmplx,ATTACH.REHAB.SOCIAL,date,Other
27762-4,"Deprecated Medical social services treatment plan, Start date",Date,ATTACH.REHAB.SOCIAL,date,Other
27763-2,"Deprecated Medical social services treatment plan, End date",Date,ATTACH.REHAB.SOCIAL,date,Other
27764-0,"Medical social services treatment plan, Date range (from/through) of hospitalization leading to treatment Set",Cmplx,ATTACH.REHAB.SOCIAL,date,Other
27766-5,"Deprecated Medical social services treatment plan, Date attending MD referred patient for Date",Date,ATTACH.REHAB.SOCIAL,date,Other
27767-3,"Deprecated Medical social services treatment plan, Date attending MD signed Date and time",TmStp,ATTACH.REHAB.SOCIAL,date,Other
27768-1,"Deprecated Medical social services treatment plan, Date rehabilitation professional signed Date and time",TmStp,ATTACH.REHAB.SOCIAL,date,Other
27773-1,"Deprecated Medical social services treatment plan, Estimated date of completion Date",Date,ATTACH.REHAB.SOCIAL,date,Other
27774-9,"Deprecated Medical social services treatment plan, Date of last plan of treatment certification",Date,ATTACH.REHAB.SOCIAL,date,Other
27787-1,"Deprecated Medical social services treatment plan, Author ID Identifier",ID,ATTACH.REHAB.SOCIAL,identifier,Other
27789-7,"Deprecated Medical social services treatment plan, Start date of hospitalization leading to treatment",Date,ATTACH.REHAB.SOCIAL,date,Other
27790-5,"Deprecated Medical social services treatment plan, End date of hospitalization leading to treatment",Date,ATTACH.REHAB.SOCIAL,date,Other
27801-0,"Deprecated Alcohol-substance abuse rehabilitation treatment plan, Date onset or exacerbation of primary diagnosis",Date,ATTACH.REHAB.ABUSE,date,Other
28775-5,Glasses Physician [Identifier],ID,EYE.GLASSES,identifier,Other
29163-3,"Deprecated Speech therapy treatment plan, Date onset or exacerbation of primary diagnosis",Date,ATTACH.REHAB.SPEECH,date,Other
29164-1,"Deprecated Speech therapy treatment plan, Date start",Date,ATTACH.REHAB.SPEECH,date,Other
29172-4,"Deprecated Speech therapy treatment plan, Date attending MD referred patient for Date",Date,ATTACH.REHAB.SPEECH,date,Other
29173-2,"Deprecated Speech therapy treatment plan, Date attending MD signed Date and time",TmStp,ATTACH.REHAB.SPEECH,date,Other
29175-7,"Deprecated Speech therapy treatment plan, Date rehabilitation professional signed Date and time",TmStp,ATTACH.REHAB.SPEECH,date,Other
29179-9,"Deprecated Speech therapy treatment plan, Estimated date of completion Date",Date,ATTACH.REHAB.SPEECH,date,Other
29180-7,"Deprecated Speech therapy treatment plan, Date of last plan of treatment certification",Date,ATTACH.REHAB.SPEECH,date,Other
29188-0,"Deprecated Speech therapy treatment plan, Author ID Identifier",ID,ATTACH.REHAB.SPEECH,identifier,Other
29189-8,"Deprecated Speech therapy treatment plan, Author name",Pn,ATTACH.REHAB.SPEECH,name,Other
29191-4,"Deprecated Speech therapy treatment plan, Date end",Date,ATTACH.REHAB.SPEECH,date,Other
29200-3,"Deprecated Speech therapy treatment plan, Signature date Date and time",TmStp,ATTACH.REHAB.SPEECH,date,Other
29201-1,"Deprecated Speech therapy treatment plan, Start date",Date,ATTACH.REHAB.SPEECH,date,Other
29203-7,"Speech therapy treatment plan, Date range (from/through) of hospitalization leading to treatment Set",Cmplx,ATTACH.REHAB.SPEECH,date,Other
29204-5,"Deprecated Speech therapy treatment plan, End date of hospitalization leading to treatment",Date,ATTACH.REHAB.SPEECH,date,Other
29205-2,"Deprecated Speech therapy treatment plan, Start date of hospitalization leading to treatment",Date,ATTACH.REHAB.SPEECH,date,Other
29742-4,Date last dose,TmStp,DRUGDOSE,date,Other
30573-0,Date of wound healing Observed,Date,CLIN,date,Other
30907-0,"Alcohol-substance abuse rehabilitation treatment plan, Date of next planned rehabilitation treatment Set",Cmplx,ATTACH.REHAB.ABUSE,date,Other
30908-8,"Deprecated Alcohol-substance abuse rehabilitation treatment plan, Next planned treatment start date",Date,ATTACH.REHAB.ABUSE,date,Other
30909-6,"Deprecated Alcohol-substance abuse rehabilitation treatment plan, Next planned treatment end date",Date,ATTACH.REHAB.ABUSE,date,Other
30944-3,Date of vaccination temporary contraindication/precaution expiration,Date,VACCIN,date,Patient
30946-8,Date.vaccination contraindication/precaution effective,Date,VACCIN,date,Patient
30947-6,Date form completed,Date,ADMIN,date,Other
30952-6,Date and time of vaccination,TmStp,VACCIN,date,Patient
30953-4,Date and time of onset of vaccination adverse event,TmStp,VACCIN,date,Patient
30976-5,Date received Form,TmStp,VACCIN,date,Other
30980-7,Date vaccine due,Date,VACCIN,date,Patient
30981-5,Earliest date to give,Date,VACCIN,date,Patient
31035-9,Date of other vaccinations given within 4 weeks prior to the date of vaccine causing adverse event,Date,VACCIN,date,Patient
31211-6,Date of death,TmStp,TUMRRGT,date,Patient
33067-0,Conception date,Date,OB.US,date,Patient
33882-2,Collection date of Specimen,Date,SPEC,date,Other
34970-4,Ultrasound date,Date,MISC,date,Patient
38201-0,Pain onset [Date and time] - Reported,TmStp,H&P.HX,date,Patient
38884-3,Ventilator Vendor serial number,ID,DEVICES,number,Other
39161-5,Date next screen visit CPHS,Date,ATTACH.CPHS,date,Patient
39255-5,Date previous screen visit CPHS,Date,ATTACH.CPHS,date,Patient
39268-8,"Follow-up (referred to) provider /specialist, name CPHS",Pn,ATTACH.CPHS,name,Other
39270-4,"Follow-up (referred to) provider /specialist, address CPHS",Addr,ATTACH.CPHS,address,Other
39271-2,"Follow-up (referred to) provider /specialist, phone CPHS",Tele,ATTACH.CPHS,phone,Other
39276-1,"Follow-up (referred to) program, address CPHS",Addr,ATTACH.CPHS,address,Other
39277-9,"Follow-up (referred to) program, phone CPHS",Tele,ATTACH.CPHS,phone,Other
39281-1,"Responsible party, name CPHS",Pn,ATTACH.CPHS,name,Other
39282-9,"Responsible party, home phone number CPHS",Tele,ATTACH.CPHS,"number, phone",Other
39283-7,"Responsible party, work number CPHS",Tele,ATTACH.CPHS,number,Other
39285-2,Escort Name,Pn,ADMIN,name,Other
39289-4,"Follow-up (referred to) provider /specialist, appointment date CPHS",Date,ATTACH.CPHS,date,Other
39290-2,"Follow-up (referred to) program, appointment date CPHS",Date,ATTACH.CPHS,date,Other
39808-1,Date 1st most definitive surgery treatment for Cancer,TmStp,TUMRRGT,date,Other
39809-9,Date 1st systemic treatment Cancer,TmStp,TUMRRGT,date,Other
41393-0,Collection date of Body fluid,TmStp,SPEC,date,Other
41394-8,Collection date of Stool,TmStp,SPEC,date,Other
41395-5,Collection date of Urine,TmStp,SPEC,date,Other
41899-6,Glucose meter device Vendor serial number,ID,DEVICES,number,Other
41913-5,Height device Vendor serial number,ID,DEVICES,number,Other
41917-6,Blood coagulation device Vendor serial number,ID,DEVICES,number,Other
41928-3,Oxygen saturation device Vendor serial number,ID,DEVICES,number,Other
41933-3,Peak flow meter Vendor serial number,ID,DEVICES,number,Other
41937-4,Insulin delivery device Vendor serial number,ID,DEVICES,number,Other
41963-0,HbA1c measurement device Vendor serial number,ID,DEVICES,number,Other
41968-9,Metabolism measurement device Vendor serial number,ID,DEVICES,number,Other
41978-8,Pedometer device Vendor serial number,ID,DEVICES,number,Other
42029-9,Date of conclusive diagnosis Cancer,TmStp,TUMRRGT,date,Other
42031-5,Date of diagnosis of multiple tumors Cancer,TmStp,TUMRRGT,date,Other
42062-0,County--current Cancer,Prid,TUMRRGT,county,Other
42077-8,Patient phone number,Tele,ADMIN.PATIENT,"number, phone",Patient
42106-5,Archive facility identification number Cancer,ID,ADMIN.ID,number,Other
42117-2,Date of surgical discharge Cancer,TmStp,TUMRRGT,date,Other
42120-6,Date radiation ended Cancer,TmStp,TUMRRGT,date,Other
42127-1,Name of follow-up contact,Pn,TUMRRGT,name,Patient
42130-5,Latitude,Angle,TUMRRGT,latitude,Other
42131-3,Longitude,Angle,TUMRRGT,longitude,Other
42781-5,Surgical operation date Cancer,TmStp,TUMRRGT,date,Other
43157-7,Laboratory device Vendor serial number,ID,DEVICES,number,Other
44951-2,Physician NPI [Identifier],ID,ADMIN.ID,identifier,Provider
44952-0,Surgeon primary NPI [Identifier] Provider,ID,ADMIN.ID,identifier,Provider
44953-8,Physician follow up NPI [Identifier],ID,ADMIN.ID,identifier,Provider
44954-6,Physician managing NPI [Identifier],ID,ADMIN.ID,identifier,Provider
44955-3,Archive facility identification number NPI Cancer,ID,ADMIN.FACILITY,number,Other
44956-1,Following registry NPI [Identifier] Cancer registry,ID,ADMIN.ID,identifier,Other
44959-5,Hospital.reporting NPI [Identifier] Cancer,ID,ADMIN.ID,identifier,Other
45234-2,Date eligible and selected to start HIV treatment,Date,ART,date,Patient
45235-9,Date original clinic HIV treatment start,Date,ART,date,Patient
45237-5,Date lost to HIV treatment follow-up,Date,ART,date,Patient
45238-3,Date lost to HIV treatment therapy,Date,ART,date,Patient
45240-9,Isoniazid therapy start date,Date,ART,date,Patient
45242-5,Tuberculosis treatment start date,Date,ART,date,Patient
45250-8,HIV confirmation facility Address,Addr,ART,address,Facility
45253-2,HIV treatment prior clinic transferred from Address,Addr,ART,address,Facility
45255-7,HIV treatment clinic transferred to Address,Addr,ART,address,Facility
45257-3,Date dropped from HIV treatment,Date,ART,date,Patient
45285-4,Date and time of Dose,TmStp,DRUGDOSE,date,Other
45346-4,Date tick removed,Date,MICRO,date,Other
45347-2,Date tick attached,Date,MICRO,date,Other
45348-0,Date tick acquired,Date,MICRO,date,Other
45351-4,Date of skin test,TmStp,CHALSKIN,date,Other
45352-2,Date skin test interpreted,TmStp,CHALSKIN,date,Other
45353-0,Date of analysis of unspecified specimen,TmStp,MISC,date,Other
45354-8,Date next dose,Date,VACCIN,date,Patient
45355-5,Date Rh immune globulin given,Date,BLDBK,date,Patient
45376-1,Date of transfusion reaction,TmStp,BLDBK,date,Patient
45392-8,Patient First (Given) name,Pn,ADMIN.PATIENT,name,Patient
45394-4,Patient Last (Family) name,Pn,ADMIN.PATIENT,name,Patient
45395-1,Patient Name suffix,Pn,ADMIN.PATIENT,name,Patient
45396-9,Social Security number [Identifier],ID,ADMIN.PATIENT.ID,"number, social security, identifier",Patient
45397-7,Medicare or comparable number,ID,ADMIN.PATIENT.ID,number,Patient
45398-5,State provider number for Facility,ID,ADMIN.FACILITY,number,Facility
45399-3,Federal provider number Facility,ID,SURVEY.MDS,number,Facility
45400-9,Medicaid number,ID,ADMIN.PATIENT.ID,number,Patient
45401-7,Postal code [Location],Loc,ADMIN.PATIENT.DEMOG,postal,Patient
45427-2,Date background information form completed [Minimum Data Set],Date,SURVEY.MDS,date,Patient
45453-8,Date of last day of MDS observation period [Minimum Data Set],Date,SURVEY.MDS,date,Patient
45455-3,Date of reentry to facility [Minimum Data Set],Date,SURVEY.MDS,date,Patient
45966-9,Social Security and Medicare numbers,-,PANEL.SURVEY.CMS,"number, social security",Patient
45967-7,Facility provider numbers Set,-,PANEL.SURVEY.MDS,number,Facility
46106-1,Medical record number [Identifier],ID,ADMIN.PATIENT.ID,"number, identifier",Patient
46250-7,Vaccination take-response date,Date,VACCIN,date,Patient
46493-3,Medicaid provider number Agency [OASIS],ID,SURVEY.OASIS,"number, age",Other
46495-8,Branch number during assessment period [CMS Assessment] Agency,ID,SURVEY.CMS,"number, age",Other
46496-6,Agency patient number during assessment period [CMS Assessment],ID,SURVEY.CMS,"number, age",Patient
46497-4,Start of care date during assessment period [CMS Assessment],Date,SURVEY.CMS,date,Patient
46498-2,Resumption of care date during assessment period [CMS Assessment],Date,SURVEY.CMS,date,Patient
46501-3,Date assessment information completed during assessment period [CMS Assessment],Date,SURVEY.CMS,date,Patient
46503-9,Deprecated Most recent inpatient discharge date [OASIS],Date,SURVEY.CMS,date,Patient
46581-5,Date of last home visit during assessment period [CMS Assessment],Date,SURVEY.CMS,date,Patient
46582-3,"Discharge, transfer, death date",Date,SURVEY.CMS,date,Patient
46697-9,Date [RFC],Date,SURVEY.RFC,date,Patient
47240-7,Date determined medically eligible to start HIV treatment,Date,ART,date,Patient
47241-5,Date determined medically eligible and ready to start HIV treatment,Date,ART,date,Patient
49070-6,Specimen drawn [Date and time] of Cerebral spinal fluid,TmStp,SPEC,date,Other
49088-8,Sonographer name,Pn,OB.US,name,Patient
49089-6,Sonographer [Identifier],ID,ADMIN.ID,identifier,Patient
49542-4,Date and time of pheresis procedure,TmStp,BLDBK,date,Patient
49548-1,Date referral lab test sent,TmStp,MISC,date,Other
49832-9,Specimen drawn [Date and time] of Serum or Plasma--1st specimen,TmStp,SPEC,date,Other
49833-7,Specimen drawn [Date and time] of Serum or Plasma--2nd specimen,TmStp,SPEC,date,Other
50786-3,Date of entry,TmStp,SURVEY.CMS,date,Patient
51953-8,Collection date of Blood,TmStp,SPEC,date,Other
51999-1,"Ambulance transport, Time ambulance arrived at scene Date and time",TmStp,ATTACH.AMB,date,Other
52000-7,"Ambulance transport, Origination site latitude",Angle,ATTACH.AMB,latitude,Other
52001-5,"Ambulance transport, Origination site longitude",Angle,ATTACH.AMB,longitude,Other
52002-3,"Ambulance transport, Destination site latitude coordinate",Angle,ATTACH.AMB,latitude,Other
52003-1,"Ambulance transport, Destination site longitude coordinate",Angle,ATTACH.AMB,longitude,Other
52010-6,"Ambulance transport, Other patient name",Pn,ATTACH.AMB,name,Other
52014-8,"Ambulance transport, Receiving individual accepting responsibility for patient Identifier",ID,ATTACH.AMB,identifier,Other
52023-9,"Ambulance transport, Origination site name and address",Cmplx,ATTACH.AMB,"address, name",Other
52026-2,"Ambulance transport, Destination site name and address",Cmplx,ATTACH.AMB,"address, name",Other
52069-2,Tax ID number - IRS form W9,Find,DOC.ADMIN,number,Patient
52076-7,"Deprecated Alcohol-substance abuse rehabilitation treatment plan, Date range (from/through) DateRange",DateRange,ATTACH.REHAB.ABUSE,date,Other
52077-5,"Deprecated Alcohol-substance abuse rehabilitation treatment plan, Date range (from/through) of hospitalization leading to treatment",DateRange,ATTACH.REHAB.ABUSE,date,Other
52080-9,"Deprecated Alcohol-substance abuse rehabilitation treatment plan, Referring person name",Pn,ATTACH.REHAB.ABUSE,name,Other
52081-7,"Deprecated Alcohol-substance abuse rehabilitation treatment plan, Referring person identifier",ID,ATTACH.REHAB.ABUSE,identifier,Other
52082-5,"Deprecated Alcohol-substance abuse rehabilitation treatment plan, Date patient referred for treatment",Date,ATTACH.REHAB.ABUSE,date,Other
52088-2,"Deprecated Alcohol-substance abuse rehabilitation treatment plan, Date range certifying the plan of care DateRange",DateRange,ATTACH.REHAB.ABUSE,date,Other
52090-8,"Deprecated Alcohol-substance abuse rehabilitation treatment plan, Actual start of care date",Date,ATTACH.REHAB.ABUSE,date,Other
52106-2,"Deprecated Alcohol-substance abuse rehabilitation treatment plan, Date range (from/through) of next planned treatment DateRange",DateRange,ATTACH.REHAB.ABUSE,date,Other
52139-3,"Deprecated Pulmonary therapy treatment plan, Date onset or exacerbation of primary diagnosis",Date,ATTACH.REHAB.PULM,date,Other
52140-1,"Deprecated Pulmonary therapy treatment plan, Date range (from/through) DateRange",DateRange,ATTACH.REHAB.PULM,date,Other
52144-3,"Deprecated Pulmonary therapy treatment plan, Author name",Pn,ATTACH.REHAB.PULM,name,Other
52145-0,"Deprecated Pulmonary therapy treatment plan, Author ID Identifier",ID,ATTACH.REHAB.PULM,identifier,Other
52147-6,"Deprecated Pulmonary therapy treatment plan, Date range (from/through) of hospitalization leading to treatment",DateRange,ATTACH.REHAB.PULM,date,Other
52151-8,"Deprecated Pulmonary therapy treatment plan, Referring person name",Pn,ATTACH.REHAB.PULM,name,Other
52152-6,"Deprecated Pulmonary therapy treatment plan, Referring person identifier",ID,ATTACH.REHAB.PULM,identifier,Other
52153-4,"Deprecated Pulmonary therapy treatment plan, Date patient referred for treatment",Date,ATTACH.REHAB.PULM,date,Other
52156-7,"Deprecated Pulmonary therapy treatment plan, Date attending MD signed Date and time",TmStp,ATTACH.REHAB.PULM,date,Other
52159-1,"Deprecated Pulmonary therapy treatment plan, Date rehabilitation professional signed Date and time",TmStp,ATTACH.REHAB.PULM,date,Other
52167-4,"Deprecated Pulmonary therapy treatment plan, Date range certifying the plan of care DateRange",DateRange,ATTACH.REHAB.PULM,date,Other
52169-0,"Deprecated Pulmonary therapy treatment plan, Actual start of care date",Date,ATTACH.REHAB.PULM,date,Other
52189-8,"Deprecated Cardiac rehabilitation treatment plan, Date range (from/through) DateRange",DateRange,ATTACH.REHAB.CARDIAC,date,Other
52190-6,"Deprecated Cardiac rehabilitation treatment plan, Date range (from/through) of hospitalization leading to treatment",DateRange,ATTACH.REHAB.CARDIAC,date,Other
52193-0,"Deprecated Cardiac rehabilitation treatment plan, Referring person name",Pn,ATTACH.REHAB.CARDIAC,name,Other
52194-8,"Deprecated Cardiac rehabilitation treatment plan, Referring person identifier",ID,ATTACH.REHAB.CARDIAC,identifier,Other
52195-5,"Deprecated Cardiac rehabilitation treatment plan, Date patient referred for treatment",Date,ATTACH.REHAB.CARDIAC,date,Other
52200-3,"Deprecated Cardiac rehabilitation treatment plan, Date range certifying the plan of care DateRange",DateRange,ATTACH.REHAB.CARDIAC,date,Other
52202-9,"Deprecated Cardiac rehabilitation treatment plan, Actual start of care date",Date,ATTACH.REHAB.CARDIAC,date,Other
52216-9,"Deprecated Medical social services treatment plan, Date range (from/through) DateRange",DateRange,ATTACH.REHAB.SOCIAL,date,Other
52217-7,"Deprecated Medical social services treatment plan, Date range (from/through) of hospitalization leading to treatment",DateRange,ATTACH.REHAB.SOCIAL,date,Other
52220-1,"Deprecated Medical social services treatment plan, Referring person name",Pn,ATTACH.REHAB.SOCIAL,name,Other
52221-9,"Deprecated Medical social services treatment plan, Referring person identifier",ID,ATTACH.REHAB.SOCIAL,identifier,Other
52222-7,"Deprecated Medical social services treatment plan, Date patient referred for treatment",Date,ATTACH.REHAB.SOCIAL,date,Other
52227-6,"Deprecated Medical social services treatment plan, Date range certifying the plan of care DateRange",DateRange,ATTACH.REHAB.SOCIAL,date,Other
52229-2,"Deprecated Medical social services treatment plan, Actual start of care date",Date,ATTACH.REHAB.SOCIAL,date,Other
52243-3,"Deprecated Occupational therapy treatment plan, Date range (from/through) DateRange",DateRange,ATTACH.REHAB.OT,date,Other
52246-6,"Deprecated Occupational therapy treatment plan, Referring person name",Pn,ATTACH.REHAB.OT,name,Other
52247-4,"Deprecated Occupational therapy treatment plan, Referring person identifier",ID,ATTACH.REHAB.OT,identifier,Other
52251-6,"Deprecated Occupational therapy treatment plan, Date range certifying the plan of care DateRange",DateRange,ATTACH.REHAB.OT,date,Other
52253-2,"Deprecated Occupational therapy treatment plan, Actual start of care date",Date,ATTACH.REHAB.OT,date,Other
52266-4,"Deprecated Occupational therapy treatment plan, Defined school year DateRange",DateRange,ATTACH.REHAB.OT,date,Other
52269-8,"Deprecated Occupational therapy treatment plan, Date patient referred for treatment",Date,ATTACH.REHAB.OT,date,Other
52271-4,"Deprecated Physical therapy treatment plan, Date range (from/through) DateRange",DateRange,ATTACH.REHAB.PT,date,Other
52272-2,"Deprecated Physical therapy treatment plan, Date range (from/through) of hospitalization leading to treatment",DateRange,ATTACH.REHAB.PT,date,Other
52275-5,"Deprecated Physical therapy treatment plan, Referring person name",Pn,ATTACH.REHAB.PT,name,Other
52276-3,"Deprecated Physical therapy treatment plan, Referring person identifier",ID,ATTACH.REHAB.PT,identifier,Other
52277-1,"Deprecated Physical therapy treatment plan, Date patient referred for treatment",Date,ATTACH.REHAB.PT,date,Other
52282-1,"Deprecated Physical therapy treatment plan, Date range certifying the plan of care DateRange",DateRange,ATTACH.REHAB.PT,date,Other
52284-7,"Deprecated Physical therapy treatment plan, Actual start of care date",Date,ATTACH.REHAB.PT,date,Other
52297-9,"Deprecated Physical therapy treatment plan, Defined school year DateRange",DateRange,ATTACH.REHAB.PT,date,Other
52301-9,"Deprecated Psychiatric rehabilitation treatment plan, Date range (from/through) DateRange",DateRange,ATTACH.REHAB.PSYCH,date,Other
52303-5,"Deprecated Psychiatric rehabilitation treatment plan, Date range (from/through) of hospitalization leading to treatment",DateRange,ATTACH.REHAB.PSYCH,date,Other
52306-8,"Deprecated Psychiatric rehabilitation treatment plan, Referring person name",Pn,ATTACH.REHAB.PSYCH,name,Other
52307-6,"Deprecated Psychiatric rehabilitation treatment plan, Referring person identifier",ID,ATTACH.REHAB.PSYCH,identifier,Other
52308-4,"Deprecated Psychiatric rehabilitation treatment plan, Date patient referred for treatment",Date,ATTACH.REHAB.PSYCH,date,Other
52316-7,"Deprecated Psychiatric rehabilitation treatment plan, Date range certifying the plan of care DateRange",DateRange,ATTACH.REHAB.PSYCH,date,Other
52318-3,"Deprecated Psychiatric rehabilitation treatment plan, Actual start of care date",Date,ATTACH.REHAB.PSYCH,date,Other
52333-2,"Deprecated Respiratory therapy treatment plan, Date range (from/through) DateRange",DateRange,ATTACH.REHAB.RT,date,Other
52334-0,"Deprecated Respiratory therapy treatment plan, Date range (from/through) of hospitalization leading to treatment",DateRange,ATTACH.REHAB.RT,date,Other
52337-3,"Deprecated Respiratory therapy treatment plan, Referring person name",Pn,ATTACH.REHAB.RT,name,Other
52338-1,"Deprecated Respiratory therapy treatment plan, Referring person identifier",ID,ATTACH.REHAB.RT,identifier,Other
52339-9,"Deprecated Respiratory therapy treatment plan, Date patient referred for treatment",Date,ATTACH.REHAB.RT,date,Other
52344-9,"Deprecated Respiratory therapy treatment plan, Date range certifying the plan of care DateRange",DateRange,ATTACH.REHAB.RT,date,Other
52346-4,"Deprecated Respiratory therapy treatment plan, Actual start of care date",Date,ATTACH.REHAB.RT,date,Other
52356-3,"Deprecated Skilled nursing treatment plan, Date range (from/through) of hospitalization leading to treatment",DateRange,ATTACH.REHAB.NURS,date,Other
52357-1,"Deprecated Skilled nursing treatment plan, Date range (from/through) DateRange",DateRange,ATTACH.REHAB.NURS,date,Other
52360-5,"Deprecated Skilled nursing treatment plan, Referring person name",Pn,ATTACH.REHAB.NURS,name,Other
52361-3,"Deprecated Skilled nursing treatment plan, Referring person identifier",ID,ATTACH.REHAB.NURS,identifier,Other
52362-1,"Deprecated Skilled nursing treatment plan, Date patient referred for treatment",Date,ATTACH.REHAB.NURS,date,Other
52367-0,"Deprecated Skilled nursing treatment plan, Date range certifying the plan of care DateRange",DateRange,ATTACH.REHAB.NURS,date,Other
52369-6,"Deprecated Skilled nursing treatment plan, Actual start of care date",Date,ATTACH.REHAB.NURS,date,Other
52383-7,"Deprecated Speech therapy treatment plan, Date range (from/through) DateRange",DateRange,ATTACH.REHAB.SPEECH,date,Other
52384-5,"Deprecated Speech therapy treatment plan, Date range (from/through) of hospitalization leading to treatment",DateRange,ATTACH.REHAB.SPEECH,date,Other
52387-8,"Deprecated Speech therapy treatment plan, Referring person name",Pn,ATTACH.REHAB.SPEECH,name,Other
52388-6,"Deprecated Speech therapy treatment plan, Referring person identifier",ID,ATTACH.REHAB.SPEECH,identifier,Other
52389-4,"Deprecated Speech therapy treatment plan, Date patient referred for treatment",Date,ATTACH.REHAB.SPEECH,date,Other
52394-4,"Deprecated Speech therapy treatment plan, Date range certifying the plan of care DateRange",DateRange,ATTACH.REHAB.SPEECH,date,Other
52396-9,"Deprecated Speech therapy treatment plan, Actual start of care date",Date,ATTACH.REHAB.SPEECH,date,Other
52409-0,"Deprecated Speech therapy treatment plan, Defined school year DateRange",DateRange,ATTACH.REHAB.SPEECH,date,Other
52413-2,"Deprecated Occupational therapy treatment plan, Date range (from/through) of hospitalization leading to treatment",DateRange,ATTACH.REHAB.OT,date,Other
52455-3,Admission date,TmStp,ADMIN,date,Patient
52456-1,Deprecated Assessment reference date,Date,SURVEY.CMS,date,Patient
52458-7,Name Provider,Pn,SURVEY.CARE,name,Provider
52459-5,CMS certification number (CCN) Provider,ID,SURVEY.CARE,number,Provider
52461-1,Patient middle name,Pn,ADMIN.PATIENT,name,Patient
52462-9,Nickname,Pn,ADMIN.PATIENT,nickname,Patient
52463-7,Patient Identification Number or Provider Account Number,ID,ADMIN.PATIENT.ID,number,Patient
52525-3,Discharge date,TmStp,H&P.HX,date,Patient
52526-1,Attending physician name,Pn,CLIN,name,Provider
52531-1,Provider city,Loc,CLIN,city,Provider
52539-4,Prior postal code [Location],Loc,ADMIN.PATIENT.DEMOG,postal,Patient
52584-0,Date of ulcer measurement [CARE],Date,SURVEY.CARE,date,Patient
52796-0,Planned stop date Current medication,Date,SURVEY.CARE,date,Other
52827-3,Facility unique identifier panel [NMMDS],-,PANEL.SURVEY.NMMDS,identifier,Facility
52828-1,Federal provider name Facility,ID,SURVEY.NMMDS,name,Facility
52831-5,Postal code [Location] Facility,Loc,ADMIN.FACILITY,postal,Facility
52832-3,Survey reporting period start date Facility,Date,SURVEY.NMMDS,date,Facility
52833-1,Survey reporting period end date Facility,Date,SURVEY.NMMDS,date,Facility
53245-7,Driver license,Find,DOC.ONTOLOGY,license,Other
53599-7,Deprecated ZIP code of prior primary residence,Loc,SURVEY.MDS,zip,Patient
53719-1,Date of death - Canada,TmStp,TUMRRGT,date,Patient
54124-3,Birth date Family member,Date,SURVEY.USSGFHT,date,Other
54125-0,Patient name,Pn,ADMIN.PATIENT,name,Patient
54138-3,Name Family member,Pn,SURVEY.USSGFHT,name,Other
54503-8,Legal name of patient,-,PANEL.SURVEY.CMS,name,Patient
54504-6,Deprecated Social Security and Medicare numbers,-,SURVEY.MDS,"number, social security",Patient
54581-4,Facility provider numbers,-,PANEL.ADMIN,number,Facility
54592-1,Previous assessment reference date for significant correction during assessment period [CMS Assessment],Date,SURVEY.CMS,date,Patient
54593-9,Assessment reference date - observation end date during assessment period [CMS Assessment],Date,PANEL.SURVEY.CMS,date,Patient
54595-4,Start date of most recent Medicare stay during assessment period [CMS Assessment],Date,SURVEY.CMS,date,Patient
54596-2,End date of most recent Medicare stay during assessment period [CMS Assessment],Date,SURVEY.CMS,date,Patient
54883-4,Deprecated Date of most recent routine pressure ulcer assessment MDSv3,TmStp,SURVEY.MDS,date,Patient
54888-3,Date of onset of pressure injuries onset in this facility - oldest or only stage 3 [MDSv3],Date,SURVEY.MDS,date,Patient
54889-1,Deprecated Date of onset of pressure ulcers onset in this facility - newest stage 3 MDSv3,TmStp,SURVEY.MDS,date,Patient
54891-7,Date of onset of pressure injuries onset in this facility - oldest or only stage 4 [MDSv3],Date,SURVEY.MDS,date,Patient
54892-5,Deprecated Date of onset of pressure ulcers onset in this facility - newest stage 4 MDSv3,TmStp,SURVEY.MDS,date,Patient
54948-5,Deprecated Date of onset of pressure ulcers onset in this facility - oldest or only unstageable due to coverage of wound bed by slough &or eschar MDSv3,TmStp,SURVEY.MDS,date,Patient
54949-3,Deprecated Date of onset of pressure ulcers onset in this facility - newest unstageable due to coverage of wound bed by slough/eschar MDSv3,TmStp,SURVEY.MDS,date,Patient
55025-1,Start date of speech language pathology and audiology services during assessment period [CMS Assessment],Date,SURVEY.CMS,date,Patient
55026-9,End date of speech language pathology and audiology services during assessment period [CMS Assessment],Date,SURVEY.CMS,date,Patient
55027-7,Start date of occupational therapy during assessment period [CMS Assessment],Date,SURVEY.CMS,date,Patient
55028-5,End date of occupational therapy during assessment period [CMS Assessment],Date,SURVEY.CMS,date,Patient
55029-3,Start date of physical therapy during assessment period [CMS Assessment],Date,SURVEY.CMS,date,Patient
55030-1,End date of physical therapy during assessment period [CMS Assessment],Date,SURVEY.CMS,date,Patient
55031-9,Start date of respiratory therapy [MDSv3],Date,SURVEY.MDS,date,Patient
55032-7,End date of respiratory therapy [MDSv3],Date,SURVEY.MDS,date,Patient
55033-5,Deprecated Start date of psychological therapy by any licensed mental health professional MDSv3,TmStp,SURVEY.MDS,"date, license",Patient
55034-3,Deprecated End date of psychological therapy by any licensed mental health professional MDSv3,TmStp,SURVEY.MDS,"date, license",Patient
55037-6,Deprecated Start date of recreational and music therapy MDSv3,TmStp,SURVEY.MDS,date,Patient
55038-4,Deprecated End date of recreational and music therapy MDSv3,TmStp,SURVEY.MDS,date,Patient
55209-1,Date and time of most recent arrival in U.S.,TmStp,PUBLICHEALTH,date,Patient
55218-2,Date of actual exposure to blood/body fluid,Date,PUBLICHEALTH,date,Patient
55257-0,Date of last Clostridium tetani immunization,Date,H&P.HX,date,Patient
55282-8,Date symptoms of pregnancy first noted,Date,H&P.HX,date,Patient
55400-6,Date of last eye examination,Date,CLIN,date,Patient
56049-0,Deprecated PhenX measure - current age,-,PANEL.PHENX,age,Patient
56118-3,Proxy's name,Pn,PHENX,name,Other
56155-5,Date referral lab test results received in unspecified time Referral lab test,TmStp,MISC,date,Other
56795-8,Account number [Identifier],ID,ADMIN.PATIENT.ID,"number, identifier",Patient
56799-0,Address,Addr,ADMIN.PATIENT,address,Patient
56800-6,Date and time ED consult request initiated,TmStp,ED,date,Patient
56801-4,Date and time ED consult starts,TmStp,ED,date,Patient
56802-2,Primary care provider [Identifier],ID,ADMIN.ID,identifier,Provider
56803-0,ED attending physician [Identifier],ID,ADMIN.ID,identifier,Provider
56804-8,ED nurse [Identifier] Provider,ID,ADMIN.ID,identifier,Provider
56805-5,ED accepting/admitting provider [Identifier],ID,ADMIN.ID,identifier,Provider
56806-3,ED transferring provider [Identifier],ID,ADMIN.ID,identifier,Provider
56807-1,ED transferring facility [Identifier],ID,ADMIN.FACILITY,identifier,Facility
56808-9,ED accepting or admitting facility [Identifier],ID,ADMIN.FACILITY,identifier,Facility
56809-7,ED tech [Identifier] Provider,ID,ADMIN.ID,identifier,Provider
56811-3,Primary care clinic or system [Identifier] Facility,ID,ADMIN.FACILITY,identifier,Facility
56812-1,Provider who accepted patient in transfer to another facility [Identifier],ID,ADMIN.ID,identifier,Provider
56855-0,Provider assuming ultimate responsibility for care for patient upon ED disposition [Identifier],ID,ADMIN.ID,identifier,Provider
56856-8,Provider assuming care for patient upon ED disposition [Identifier],ID,ADMIN.ID,identifier,Provider
56859-2,Date and time of ED departure,TmStp,ED,date,Patient
56861-8,Emergency contact Name,Pn,ED,name,Other
56862-6,Emergency contact Address,Addr,ED,address,Other
56863-4,Emergency contact Phone number,Tele,ADMIN,"number, phone",Other
57060-6,Estimated date of delivery Narrative,Find,CLIN,date,Patient
57063-0,Delivery date Estimated from quickening date,Date,OB.US,date,Patient
57064-8,Delivery date Estimated from date fundal height reaches umb,Date,OB.US,date,Patient
57065-5,Quickening date,Date,OB.US,date,Patient
57066-3,Date fundal height reaches umbilicus,Date,OB.US,date,Patient
57070-5,Date next clinic visit,Date,H&P.HX,date,Patient
57201-6,Date of Physician-ordered Start of Care (Resumption of Care) during assessment period [CMS Assessment],Date,SURVEY.CMS,date,Patient
57202-4,Date of Referral,Date,SURVEY.CMS,date,Patient
58052-2,Date pressure injury.oldest non-epithelialized stage 2 first identified [CMS Assessment],Date,SURVEY.CMS,date,Other
58123-1,Date of Pressure injury.oldest non-epithelialized stage 2 [CMS Assessment],Date,SURVEY.CMS,date,Other
58131-4,Date of influenza vaccination,Date,CLIN,date,Patient
58195-9,Date of Care Area Assessment (CAA) information [MDSv3],Date,SURVEY.MDS,date,Patient
58234-6,Date of trauma or procedure,Date,PHENX,date,Patient
58236-1,Date of myocardial infarction,Date,PHENX,date,Patient
58237-9,Hospital Name,ID,PHENX,name,Other
58269-2,Date of first episode of atrial fibrillation,Date,PHENX,date,Patient
58276-7,Ever had outpatient test(s) performed for deep vein thrombosis [Date and time],TmStp,PHENX,date,Patient
58278-3,Date of deep vein thrombosis diagnosis,Date,PHENX,date,Patient
58284-1,Date of pulmonary embolus diagnosis,Date,PHENX,date,Patient
58307-0,Date of onset of chest discomfort,Date,PHENX,date,Patient
58734-5,Collection date of Amniotic fluid,TmStp,SPEC,date,Other
59509-0,Date case completed.COC Cancer case,Date,TUMRRGT,date,Other
59510-8,Date case initiated Cancer case,Date,TUMRRGT,date,Other
59777-3,Latest date to give immunization,Date,VACCIN,date,Patient
59778-1,Date when overdue for immunization,Date,VACCIN,date,Patient
59853-2,Pathology specimen collection date 1 Cancer,TmStp,TUMRRGT,date,Other
59854-0,Pathology specimen collection date 2 Cancer,TmStp,TUMRRGT,date,Other
59855-7,Pathology specimen collection date 3 Cancer,TmStp,TUMRRGT,date,Other
59856-5,Pathology specimen collection date 4 Cancer,TmStp,TUMRRGT,date,Other
59857-3,Pathology specimen collection date 5 Cancer,TmStp,TUMRRGT,date,Other
60431-4,Date of previous biopsy,Date,H&P.HX,date,Patient
60432-2,Date of previous PAP smear,Date,H&P.HX,date,Patient
61099-8,Collection date of Stool--3rd specimen,TmStp,SPEC,date,Other
61100-4,Collection date of Stool--2nd specimen,TmStp,SPEC,date,Other
62317-3,Date of last blood product transfusion,TmStp,H&P.HX,date,Patient
62323-1,Post-discharge provider ID [Identifier],ID,CHEM,identifier,Provider
62324-9,Post-discharge provider name in Provider,Pn,CHEM,name,Provider
62326-4,Post-discharge provider practice name,ID,CHEM,name,Provider
62327-2,Post-discharge provider practice address,Addr,CHEM,address,Provider
62328-0,Post-discharge provider practice phone number,Tele,ADMIN,"number, phone",Provider
62330-6,Birth hospital facility name,ID,ADMIN.FACILITY,name,Facility
62331-4,Birth hospital facility address,Addr,ADMIN.FACILITY,address,Facility
62332-2,Birth hospital facility phone number,Tele,ADMIN.FACILITY,"number, phone",Facility
63497-2,Current street number [Location] [PhenX],Loc,PHENX,number,Patient
63498-0,Current street name [Location] [PhenX],Loc,PHENX,name,Patient
63499-8,Current apartment number [Location] [PhenX],Loc,PHENX,number,Patient
63500-3,Current city [PhenX],Loc,PHENX,city,Patient
63502-9,Deprecated Current zip code [Location] [PhenX],Loc,PHENX,zip,Patient
63726-4,From what date did you live in the residence,Date,ADMIN.PATIENT,date,Patient
63727-2,To what date did you live in the residence,Date,ADMIN.PATIENT,date,Patient
63728-0,"What is the residence address, street - crosstreets, city, state or landmark [PEG]",Find,PHENX,"address, city",Patient
63758-7,What was the location of this company [Address] [NHANES],Addr,PHENX,address,Patient
63780-1,Who is the oldest or what is the first name of your next brother or sister [CBCS],Find,PHENX,name,Patient
63931-0,Date of diagnosis,Date,PHENX,date,Patient
63936-9,Start date of treatment or therapy,Date,H&P.HX,date,Patient
63939-3,End date of treatment or therapy,Date,H&P.HX,date,Patient
63944-3,Date of cancer recurrence [PhenX],Date,PHENX,date,Patient
63963-3,Date of end of pregnancy [PhenX],Date,PHENX,date,Patient
63968-2,Date of major illness or surgery [PhenX],Date,PHENX,date,Patient
64010-2,Latitude for the residence [PEG],Angle,PHENX,latitude,Patient
64011-0,Longitude for the residence [PEG],Angle,PHENX,longitude,Patient
64297-5,Death certificate,Find,DOC.ONTOLOGY,certificate,Other
64435-1,Medication time and date [PhenX] --Pre excercise,TmStp,PHENX,date,Patient
64557-2,When were your childs tonsils removed [Date and time] [PhenX],TmStp,PHENX,date,Patient
64583-8,Date your child has taken this medication [PhenX],Date,PHENX,date,Patient
64586-1,Date the sleep disorder started [PhenX],Date,PHENX,date,Patient
64589-5,"Date the psychological, psychiatric, emotional, or behavioral problem started [PhenX]",Date,PHENX,date,Patient
64601-8,Date of review [PhenX],Date,PHENX,date,Patient
64604-2,Technician [Identifier],ID,ADMIN,identifier,Patient
64712-3,On what date did that pregnancy end [PhenX],Date,PHENX,date,Patient
64727-1,Date of birth or loss [PhenX],TmStp,PHENX,date,Patient
64773-5,When did your child receive this treatment for other eye or vision problems [Date and time] [PhenX],TmStp,PHENX,date,Patient
64786-7,When was your child first diagnosed as having an eye problem [Date and time] [PhenX],TmStp,PHENX,date,Patient
64787-5,When was your child first diagnosed as having amblyopia [Date and time] [PhenX],TmStp,PHENX,date,Patient
64788-3,When was your child first diagnosed as having strabismus [Date and time] [PhenX],TmStp,PHENX,date,Patient
64790-9,What month and year did your child first have this type of operation [Date and time] [PhenX],TmStp,PHENX,date,Patient
64791-7,What month and year did your child first start wearing an eye patch [Date and time] [PhenX],TmStp,PHENX,date,Patient
64869-1,City [PhenX],Find,PHENX,city,Patient
64879-0,Date when first prescribed Glasses lens prescription [PhenX],Date,PHENX,date,Other
64881-6,Date stopped [PhenX],Date,PHENX,date,Patient
64889-9,When did you last have the strength of your glasses checked [Date and time] [PhenX],TmStp,PHENX,date,Patient
64891-5,When were you last able to do this [Date and time] [PhenX],TmStp,PHENX,date,Patient
64991-3,Date of observation,Date,PHENX,date,Patient
65222-2,Date and time of symptom onset,TmStp,H&P.PX,date,Patient
65647-0,City Facility,Loc,ADMIN.FACILITY,city,Facility
65648-8,Deprecated Zip - post code Facility,Loc,PHENX,zip,Facility
65650-4,Email address Facility,EmailAddr,ADMIN.FACILITY,"address, email",Facility
65651-2,Phone number Facility,Tele,ADMIN.FACILITY,"number, phone",Facility
65652-0,Testing facility name,ID,ADMIN.FACILITY,name,Facility
65667-8,When did your child receive this treatment for doctor reported vision problem [Date and time] [PhenX],TmStp,PHENX,date,Patient
65719-7,When did the first stroke occur [Date and time] [PhenX],TmStp,PHENX,date,Patient
65833-6,Facility Address,Addr,SURVEY.ESRD,address,Facility
65838-5,Date submitted,Date,SURVEY.ESRD,date,Other
65840-1,Principal result interpreter phone number,Tele,SURVEY.ESRD,"number, phone",Other
65844-3,Date of observation (non-patient),Date,MISC,date,Other
66165-2,Last ate or drank anything other than plain water [Date and time],TmStp,H&P.HX,date,Patient
66167-8,When did you have coffee or tea with cream and sugar [Date and time] [PhenX],TmStp,PHENX,date,Patient
66169-4,"When did you have alcohol, such as beer, wine, or liquor [Date and time] [PhenX]",TmStp,PHENX,date,Patient
66171-0,"When did you have gum, breath mints, lozenges, or cough drops, or other cough or cold remedies [Date and time] [PhenX]",TmStp,PHENX,date,Patient
66173-6,"When did you have antacids, laxatives, or anti-diarrheals [Date and time] [PhenX]",TmStp,PHENX,date,Patient
66183-5,When did you have dietary supplements such as vitamins and minerals [Date and time] [PhenX],TmStp,PHENX,date,Patient
66302-1,Participant [Identifier],ID,ADMIN.PATIENT.ID,identifier,Patient
66311-2,Date participant returned actigraph to clinic [PhenX],Date,PHENX,date,Patient
66395-5,Booster date [PhenX],Date,PHENX,date,Patient
66398-9,Trip start [Date and time] [PhenX],TmStp,PHENX,date,Patient
66399-7,Trip end [Date and time] [PhenX],TmStp,PHENX,date,Patient
66432-6,Date first Dx,Date,PHENX,date,Other
66479-7,"If you were not born in USA, indicate as closely as possible the date you first arrived here [PhenX]",Date,PHENX,date,Patient
66946-5,Data retrieval completed [Date and time] [PhenX],TmStp,PHENX,date,Patient
66947-3,Date last reaction [PhenX],Date,PHENX,date,Patient
67148-7,Adjudication date by MD fracture coordinator [PhenX],Date,PHENX,date,Patient
67152-9,Date abstracted [PhenX],Date,PHENX,date,Patient
67153-7,Abstractor [Identifier],ID,ADMIN.ID,identifier,Other
67154-5,Nosologist [Identifier],ID,ADMIN.ID,identifier,Other
67290-7,Date of complication,Date,PHENX,date,Patient
67422-6,Name of your relative that have already participated in this investigation [PhenX],Find,PHENX,name,Patient
67517-3,Last oral intake [Date and time],TmStp,NEMSIS,date,Patient
67712-0,Center - CTR - ID number Facility [PhenX],ID,PHENX,number,Facility
67713-8,Diagnosing provider [Address],Addr,CLIN,address,Provider
67714-6,Diagnosing provider phone number,Tele,CLIN,"number, phone",Provider
67723-7,Date of health-related event,Date,CLIN,date,Patient
67782-3,Surgical operation date,Date,PHENX,date,Patient
67878-9,Facility name Dialysis facility,ID,SURVEY.ESRD,name,Other
68330-0,CMS certification number - CCN Dialysis facility,ID,SURVEY.ESRD,number,Other
68333-4,Date return to dialysis after failed transplant,Date,SURVEY.ESRD,date,Patient
68335-9,Self-dialysis training facility name Dialysis facility,ID,SURVEY.ESRD,name,Other
68339-1,Date self-dialysis training completion,Date,SURVEY.ESRD,date,Patient
68340-9,Attending physician phone number Provider,Tele,SURVEY.ESRD,"number, phone",Provider
68349-0,Date last dialysis treatment,Date,SURVEY.ESRD,date,Patient
68351-6,Date most recent transplant,Date,SURVEY.ESRD,date,Patient
68355-7,Date signed,TmStp,SURVEY.ESRD,date,Other
68358-1,Date chronic dialysis began,Date,SURVEY.ESRD,date,Patient
68362-3,Date self-dialysis training began,Date,SURVEY.ESRD,date,Patient
68444-9,Date chronic dialysis began at current facility,Date,SURVEY.ESRD,date,Patient
68445-6,Date transplant,Date,SURVEY.ESRD,date,Patient
68446-4,Transplant facility name,ID,SURVEY.ESRD,name,Facility
68447-2,Date transplant admission,TmStp,SURVEY.ESRD,date,Patient
68490-2,Transplant preparation facility name,ID,SURVEY.ESRD,name,Facility
68491-0,Self-dialysis training physician name Provider,Pn,SURVEY.ESRD,name,Provider
68492-8,Date last prenatal visit,Date,SURVEY.CDC,date,Patient
68499-3,Date last live birth,Date,SURVEY.CDC,date,Patient
68500-8,Date last other pregnancy outcome,Date,SURVEY.CDC,date,Patient
68963-8,Collection date and time of Specimen,TmStp,SPEC,date,Other
68989-3,Performing laboratory [Address],Addr,MISC,address,Facility
68994-3,Performing laboratory name,ID,MISC,name,Facility
68995-0,Person completing form name Provider,Pn,SURVEY.ESRD,name,Provider
68997-6,City,Loc,SURVEY.ESRD,city,Patient
68998-4,U.S. standard certificate of live birth - 2003 revision,-,PANEL.SURVEY.CDC,certificate,Patient
69044-6,Date first prenatal visit,Date,SURVEY.CDC,date,Patient
69409-1,U.S. standard certificate of death - 2003 revision,-,PANEL.SURVEY.CDC,certificate,Patient
69417-4,CMS certification number (CCN) for Facility,ID,ADMIN.FACILITY,number,Facility
69434-9,Location of death name Facility,ID,SURVEY.CDC,name,Facility
69435-6,Street address where death occurred if not facility,Addr,SURVEY.CDC,address,Facility
69439-8,Death certifier Address,Addr,SURVEY.CDC,address,Provider
69445-5,Injury date,Date,SURVEY.CDC,date,Patient
69446-3,Injury date comment,Txt,SURVEY.CDC,date,Patient
69454-7,Death date comment,Find,SURVEY.CDC,date,Patient
69993-4,Positive airway pressure device Vendor serial number,ID,DEVICES,number,Other
70952-7,Date of peritoneal dialysis adequacy measurement [ESRD],Date,SURVEY.ESRD,date,Patient
71230-7,Birth certificate,Find,DOC.ONTOLOGY,certificate,Other
71463-4,Date of infection onset [ESRD],Date,SURVEY.ESRD,date,Patient
71464-2,Date first prescribed Medication,TmStp,SURVEY.ESRD,date,Other
71465-9,Date prescription changed Medication,TmStp,SURVEY.ESRD,date,Other
71466-7,Date prescription stopped Medication,TmStp,SURVEY.ESRD,date,Other
71472-5,Date of blood culture,TmStp,SURVEY.ESRD,date,Patient
71474-1,Date of infection hospitalization [ESRD],Date,SURVEY.ESRD,date,Patient
71479-0,Date access infection confirmed [ESRD],Date,SURVEY.ESRD,date,Patient
71503-7,Date opened Dialysis facility [ESRD],Date,SURVEY.ESRD,date,Other
71504-5,Date closed Dialysis facility [ESRD],Date,SURVEY.ESRD,date,Other
71505-2,Date changed ownership Dialysis facility [ESRD],Date,SURVEY.ESRD,date,Other
71506-0,Date initially certified by medicare Dialysis facility [ESRD],Date,SURVEY.ESRD,date,Other
71507-8,Fax number Dialysis facility [ESRD],Tele,SURVEY.ESRD,"number, fax",Other
71509-4,Phone number extension Dialysis facility [ESRD],Tele,SURVEY.ESRD,"number, phone",Other
71523-5,Date personnel record submitted Dialysis facility [ESRD],Date,SURVEY.ESRD,date,Other
71526-8,Personnel employment name Dialysis facility [ESRD],Find,SURVEY.ESRD,name,Other
71530-0,Business name Dialysis facility [ESRD],ID,SURVEY.ESRD,name,Other
71534-2,Phone number Dialysis facility [ESRD],Tele,SURVEY.ESRD,"number, phone",Other
71540-9,Deprecated Date personnel record submission Dialysis facility ESRD,TmStp,SURVEY.ESRD,date,Other
71723-1,Personnel Cell phone number,Tele,ADMIN,"number, phone",Other
71724-9,Personnel Home phone number,Tele,ADMIN,"number, phone",Other
71725-6,Personnel Business phone number extension,Tele,ADMIN,"number, phone",Other
71726-4,Personnel Business phone number,Tele,ADMIN,"number, phone",Other
71727-2,Personnel Fax number,Tele,ADMIN,"number, fax",Other
71729-8,Personnel Nine-digit postal code,Loc,ADMIN,postal,Other
71730-6,Personnel Five-digit postal code,Loc,ADMIN,postal,Other
71732-2,Personnel City,Addr,ADMIN,city,Other
71736-3,Personnel Name prefix,Pn,ADMIN,name,Other
71737-1,Personnel Name suffix,Pn,ADMIN,name,Other
71739-7,Personnel First (Given) name,Pn,ADMIN,name,Other
71740-5,Personnel Last (Family) name,Pn,ADMIN,name,Other
71742-1,Date most recent record submitted Facility [ESRD],Date,SURVEY.ESRD,date,Facility
71750-4,Primary contact phone number extension Facility,Tele,SURVEY.ESRD,"number, phone",Facility
71751-2,Primary contact phone number Facility,Tele,SURVEY.ESRD,"number, phone",Facility
71752-0,Primary contact first name Facility,Pn,SURVEY.ESRD,name,Facility
71753-8,Primary contact last name Facility,Pn,SURVEY.ESRD,name,Facility
71766-0,Primary contact email Facility,EmailAddr,SURVEY.ESRD,email,Facility
72048-2,Date arteriovenous fistula usable,Date,SURVEY.ESRD,date,Patient
72049-0,Date dialysis session [ESRD],Date,SURVEY.ESRD,date,Patient
72051-6,Date catheter removal,Date,SURVEY.ESRD,date,Patient
72052-4,Date catheter placement,Date,SURVEY.ESRD,date,Patient
72053-2,Date arteriovenous fistula creation [ESRD],Date,SURVEY.ESRD,date,Patient
72054-0,Date change of dialysis access type [ESRD],Date,SURVEY.ESRD,date,Patient
72074-8,Date last formal post dialysis weight [ESRD],Date,SURVEY.ESRD,date,Patient
72078-9,Date of echocardiogram,Date,SURVEY.ESRD,date,Patient
72081-3,Date of sodium education [ESRD],Date,SURVEY.ESRD,date,Patient
72187-8,Date tetanus vaccine given [RHEA],Date,SURVEY.GNHLTH,date,Patient
72486-4,Laboratory director name in Provider,Pn,MISC,name,Provider
73770-0,Name of facility infant transferred to,ID,SURVEY.CDC,name,Facility
73777-5,Name of facility mother transferred from,ID,SURVEY.CDC,name,Facility
74010-0,Date quit tobacco smoking,Date,H&P.HX,date,Patient
74014-2,Last drank alcohol [Date and time],TmStp,H&P.HX,date,Patient
74015-9,Date recorded,TmStp,H&P.HX,date,Patient
74024-1,Family member identifier,ID,ADMIN.ID,identifier,Other
74025-8,Mother identifier,ID,ADMIN.ID,identifier,Other
74026-6,Father identifier,ID,ADMIN.ID,identifier,Other
74548-9,Reporter phone number,Tele,SURVEY.AHRQ,"number, phone",Other
74555-4,Event discovery date and time,TmStp,SURVEY.AHRQ,date,Other
74695-8,Nurse name,Pn,CLIN,name,Provider
74715-4,Vendor serial number,ID,DEVICES,number,Other
75092-7,Birth date of Fetus,Date,PATH,date,Other
75167-7,Mother's Date most recent non-treponemal test,Date,SURVEY.CDC,date,Other
75170-1,Mother's Date first non-treponemal test,Date,SURVEY.CDC,date,Other
75173-5,Mother's Date of first treponemal test,Date,SURVEY.CDC,date,Other
75176-8,Mother's Date of most recent treponemal test,Date,SURVEY.CDC,date,Other
75182-6,Mother's Date of first syphilis treatment during pregnancy,Date,SURVEY.CDC,date,Other
75188-3,Date of first reactive non-treponemal test,Date,SURVEY.CDC,date,Patient
75191-7,Date of first reactive treponemal test,Date,SURVEY.CDC,date,Patient
75200-6,Mother's Date first prenatal visit,Date,SURVEY.CDC,date,Other
75203-0,Mother's Last menstrual period start date before delivery,Date,SURVEY.CDC,date,Other
75329-3,Date of intrauterine device insertion,Date,CLIN,date,Patient
75360-8,Date of supracervical hysterectomy,Date,CLIN,date,Patient
75361-6,Date of total hysterectomy,Date,CLIN,date,Patient
75437-4,Licensed practical nurse Note,Find,DOC.ONTOLOGY,license,Other
75519-9,Encounter identifier,ID,SURVEY.PCORNET,identifier,Patient
75524-9,Facility identifier,ID,SURVEY.PCORNET,identifier,Facility
75526-4,Internal identifier for Provider,ID,SURVEY.PCORNET,identifier,Provider
75711-2,Date of autopsy,Date,MISC,date,Patient
76417-5,Provider First name,Pn,ADMIN,name,Provider
76419-1,Provider Last name,Pn,ADMIN,name,Provider
76423-3,Date of first visit,Date,H&P.HX,date,Patient
76425-8,Date of onset - Reported,Date,H&P.HX,date,Patient
76426-6,Start date for episode of care,Date,APTA,date,Patient
76427-4,Visit date,Date,H&P.HX,date,Patient
76429-0,Physical therapy Discharge date,Date,H&P.HX,date,Patient
76435-7,Patient identifier,ID,ADMIN.PATIENT.ID,identifier,Patient
76458-9,Patient Email address,EmailAddr,ADMIN.PATIENT,"address, email",Patient
76469-6,Organization name,ID,ADMIN,name,Other
76695-6,Organization ZIP code,Loc,ADMIN,zip,Other
76696-4,Name [Identifier] Facility,ID,ADMIN.FACILITY,"name, identifier",Facility
77970-2,Date of initial report,TmStp,SURVEY.CDC,date,Other
77972-8,Earliest date reported to county,TmStp,SURVEY.CDC,"date, county",Other
77973-6,Earliest date reported to state,TmStp,SURVEY.CDC,date,Other
77975-1,Earliest date of diagnosis,Date,H&P.HX,date,Patient
77976-9,Illness or injury end date,Date,H&P.HX,date,Patient
79216-8,Date education program assigned to Patient,Date,CLIN,date,Patient
79217-6,Date education program started by Patient,Date,CLIN,date,Patient
79218-4,Date education program completed by Patient,Date,CLIN,date,Patient
79219-2,Date education program expires for Patient,Date,CLIN,date,Patient
80265-2,Date of last bowel movement,Date,H&P.PX,date,Other
80331-2,Date and time of last void,TmStp,H&P.PX,date,Other
80395-7,Date of gestational age estimate,Date,CLIN,"age, date",Patient
80406-2,Date and time of initial encounter,TmStp,H&P.HX,date,Patient
80410-4,Date and time of transfer departure,TmStp,ED,date,Patient
80427-8,Employer name [Identifier],ID,H&P.HX,"name, identifier",Patient
80428-6,Past employer name [Identifier],ID,H&P.HX,"name, identifier",Patient
80429-4,Employer address,Addr,ADMIN.PATIENT,address,Patient
80430-2,Past employer address,Addr,ADMIN.PATIENT,address,Patient
80431-0,Employer city,Loc,ADMIN.PATIENT,city,Patient
80432-8,Past employer city,Loc,ADMIN.PATIENT,city,Patient
80616-6,Date and time pronounced dead [US Standard Certificate of Death],TmStp,SURVEY.CDC,"date, certificate",Patient
80903-8,Birth certificate ID,ID,SURVEY.CDC,certificate,Patient
80907-9,Death registration date,Date,SURVEY.CDC,date,Patient
80909-5,Father's last name,Pn,SURVEY.CDC,name,Other
80911-1,Death pronouncer Provider [Extended Identifier],ExtendedID,SURVEY.CDC,identifier,Provider
80989-7,Date of procedure,Date,CLIN,date,Patient
80992-1,Date and time of surgery,TmStp,CLIN,date,Patient
80993-9,Date and time of first balloon inflation Heart Cardiac catheterization,TmStp,CARD.PROC,date,Other
81266-9,Date of fever onset,Date,H&P.HX,date,Patient
81268-5,Date of rash onset,Date,H&P.HX,date,Patient
81954-0,Date of death [Date],Date,ADMIN.PATIENT,date,Patient
81956-5,Date and time of death [TimeStamp],TmStp,ADMIN.PATIENT,date,Patient
82157-9,Birth date Provider,Date,ADMIN,date,Provider
82749-3,Date diagnosis confirmed from Mother,Date,H&P.HX,date,Other
82752-7,Date travel started,Date,H&P.HX,date,Patient
82756-8,Date of blood donation,Date,H&P.HX,date,Patient
82758-4,Date of previous diagnosis,Date,H&P.HX,date,Patient
82760-0,Date of splenectomy,Date,H&P.HX,date,Patient
82765-9,Date prescription dispensed Medication,Date,MEDS,date,Other
82772-5,Lab result date reported,Date,LABORDERS,date,Patient
82778-2,Trial enrollment date,Date,CLINTRIAL,date,Patient
82779-0,Trial participation end date,Date,CLINTRIAL,date,Patient
82785-7,Lab order date,Date,LABORDERS,date,Patient
82787-3,Participant identifier,ID,CLINTRIAL,identifier,Patient
82789-9,Trial early withdrawal date,Date,CLINTRIAL,date,Patient
84188-2,Licensed practical nurse Long term care facility Note,Find,DOC.ONTOLOGY,license,Other
84189-0,Licensed practical nurse Outpatient Note,Find,DOC.ONTOLOGY,license,Other
85585-8,Date of condition onset,Date,SURVEY.GNHLTH,date,Patient
85674-0,Date of serology test in Mother --pre pregnancy,Date,H&P.HX,date,Other
85692-2,Year previously tested for rubella virus immunity [Date],Date,VACCIN,date,Patient
85695-5,Prior condition onset year [Date],Date,H&P.HX,date,Patient
85704-5,Year of previous delivery in the U.S. [Date] from Mother,Date,H&P.HX,date,Other
85706-0,Mother's date of exposure to individual with confirmed illness,Date,H&P.HX,date,Other
85729-2,Date of fever onset in Mother,Date,H&P.HX,date,Other
85732-6,Date of rash onset in Mother,Date,H&P.HX,date,Other
85734-2,Date of last evaluation,Date,H&P.HX,date,Patient
85931-4,Date of salivary gland swelling onset,Date,H&P.HX,date,Patient
85932-2,Date of cough onset,Date,H&P.HX,date,Patient
8598-5,Comparison study [Date and time] by EKG,TmStp,EKG.ATOM,date,Other
86345-6,U.S. standard certificate of death - recommended 2003 revision set,-,PANEL.DOC,certificate,Other
86347-2,U.S. standard certificate of live birth - recommended 2003 revision set,-,PANEL.DOC,certificate,Other
86470-2,Most recent inpatient discharge date in the last 14 days [CMS Assessment],Date,SURVEY.CMS,date,Patient
8649-6,Hospital discharge date,TmStp,H&P.HX,date,Patient
8656-1,Hospital admission date,TmStp,H&P.HX,date,Patient
8665-2,Last menstrual period start date,Date,H&P.HX,date,Patient
86771-3,Date therapy regimen resumed during assessment period [CMS Assessment],Date,SURVEY.CMS,date,Patient
86948-7,Deprecated Date treatment or therapy started,Date,H&P.HX,date,Patient
87216-8,Date on existing record to be modified or inactivated during assessment period [CMS Assessment],-,PANEL.SURVEY.CMS,date,Patient
87219-2,Attesting individual first name during assessment period [CMS Assessment] Provider,Pn,SURVEY.CMS,name,Provider
87220-0,Attesting individual last name during assessment period [CMS Assessment] Provider,Pn,SURVEY.CMS,name,Provider
87222-6,Attestation date during assessment period [CMS Assessment],Date,SURVEY.CMS,date,Patient
87226-7,Legal name of patient - first and last,-,PANEL.ADMIN,name,Patient
8723-9,Surgical operation note date,TmStp,H&P.SURG PROC,date,Patient
87286-1,Birth attendant [Extended Identifier],ExtendedID,ADMIN,identifier,Provider
87287-9,Birth certifier [Extended Identifier],ExtendedID,ADMIN,identifier,Provider
87288-7,Date of birth certification,Date,ADMIN.PATIENT,date,Patient
87289-5,Date of fetal death registration,Date,ADMIN,date,Other
87290-3,Date of Social Security Number request,Date,SURVEY.CDC,"number, social security, date",Patient
87297-8,Birth registration date,Date,SURVEY.CDC,date,Patient
87510-4,Date of retirement,Date,H&P.HX,date,Patient
87511-2,Combat zone AndOr hazardous duty work dates,DateRange,H&P.HX,date,Patient
87720-9,Provider Postal code,Loc,ADMIN,postal,Provider
87721-7,County of residence [Location],Loc,ADMIN.PATIENT.DEMOG,county,Patient
88030-2,Date quit smokeless tobacco,Date,H&P.HX,date,Patient
88062-5,Chemotherapy infusion stop date,Date,IO_IN.INFUS,date,Patient
88063-3,Chemotherapy infusion start date,Date,IO_IN.INFUS,date,Patient
88072-4,Dispatch center [Identifier] EMS system,ID,TRAUMA,identifier,Other
88088-0,EMS transport destination name [Identifier] of Facility,ID,H&P.HX,"name, identifier",Facility
88298-5,Date of last attempted gradual dose reduction during assessment period [CMS Assessment],Date,SURVEY.CMS,date,Patient
88300-9,Date physician documented GDR as clinically contraindicated during assessment period [CMS Assessment],Date,SURVEY.CMS,date,Patient
88374-4,Chemotherapy infusion start and stop date and time panel,-,PANEL.IO,date,Patient
89008-7,Station name [Identifier] EMS system,ID,TRAUMA,"name, identifier",Other
89010-3,EMS physician name,Pn,TRAUMA,name,Provider
89011-1,EMS assistant name,Pn,TRAUMA,name,Provider
89058-2,Contact email address,EmailAddr,ADMIN,"address, email",Other
89060-8,Contact Phone number,Tele,ADMIN,"number, phone",Other
89068-1,Date aspirin discontinued,Date,H&P.HX,date,Patient
89202-6,County location of Facility,Loc,ADMIN.FACILITY,county,Facility
89550-8,Middle name Provider,Pn,ADMIN,name,Provider
89601-9,Proof of encounter certificate,Find,DOC.ONTOLOGY,certificate,Other
90052-2,Organization Address,Addr,ADMIN,address,Other
90053-0,Organization Phone number,Tele,ADMIN,"number, phone",Other
90054-8,Organization Email address,EmailAddr,ADMIN,"address, email",Other
90057-1,Name of Contact at Organization,Pn,ADMIN,name,Other
90946-5,Date of laboratory phone call to provider to communicate test result,Date,ADMIN.PATIENT,"phone, date",Patient
91008-3,Date and time of deaths assessment,TmStp,PUBLICHEALTH,date,Other
91022-4,Date and time of risk assessment,TmStp,PUBLICHEALTH,date,Other
91103-2,Date next report due,TmStp,DOC.MISC,date,Other
91381-4,Date medication started - Reported,Date,MEDS,date,Patient
91382-2,Date medication stopped - Reported,Date,MEDS,date,Patient
91559-5,Date of arrival at travel destination,Date,H&P.HX,date,Patient
91560-3,Date of departure from travel destination,Date,H&P.HX,date,Patient
91583-5,Date and time of public health emergency,TmStp,ADMIN,date,Other
91584-3,Date and time rumor record was released,TmStp,PUBLICHEALTH,date,Other
91696-5,Response team name,ID,ADMIN,name,Other
91697-3,Volunteer Name,Pn,ADMIN,name,Other
91702-1,Shelter name [Identifier] Facility,ID,ADMIN.FACILITY,"name, identifier",Facility
91703-9,Shelter address Facility,Addr,ADMIN.FACILITY,address,Facility
91714-6,Date of interview,Date,ADMIN,date,Patient
91877-1,Date and time report was received,TmStp,DOC.MISC,date,Other
91880-5,Date and time of risk assessment meeting,TmStp,ADMIN,date,Other
91892-0,Address Volunteer,Addr,ADMIN,address,Other
91893-8,Email address Volunteer,EmailAddr,ADMIN,"address, email",Other
91894-6,Volunteer Phone number,Tele,ADMIN,"number, phone",Other
92009-0,Personnel Birth date,Date,ADMIN,date,Other
92028-0,Personnel Supervisor name,Pn,ADMIN,name,Other
92029-8,Personnel Supervisor email address,EmailAddr,ADMIN,"address, email",Other
92030-6,Personnel Supervisor address,Addr,ADMIN,address,Other
92032-2,Supervisor phone number,Tele,ADMIN,"number, phone",Other
92045-4,Name of Donor,Pn,ADMIN,name,Other
93275-6,Date of most lethal suicide attempt,Date,SURVEY.CSSRS,date,Patient
93301-0,Date of initial/first suicide attempt,Date,SURVEY.CSSRS,date,Patient
93302-8,Date of most recent suicide attempt,Date,SURVEY.CSSRS,date,Patient
93857-1,Date and time of obstetric delivery,TmStp,OBGYN,date,Patient
94130-2,Body disposition facility name [Identifier],ID,ADMIN.FACILITY,"name, identifier",Facility
94132-8,Funeral facility name [Identifier],ID,ADMIN.FACILITY,"name, identifier",Facility
94135-1,Funeral service licensee identifier Facility,ID,ADMIN.FACILITY,"identifier, license",Facility
94459-5,Date treatment prescribed,Date,H&P.HX,date,Patient
94648-3,Date contact confirmed as a case,Date,PUBLICHEALTH,date,Other
94652-5,Known exposure date,Date,H&P.HX,date,Patient
94664-0,Anticipated discharge date,Date,H&P.HX,date,Patient
95366-1,Date of first positive specimen collection,Date,SPEC,date,Patient
95367-9,Intensive care unit (ICU) admission date,Date,H&P.HX,date,Patient
95368-7,Intensive care unit (ICU) discharge date,Date,H&P.HX,date,Patient
95382-8,Date and time of symptom resolution,TmStp,CLIN,date,Patient
95386-9,Date and time of most recent contact with confirmed case,Date,H&P.PX,date,Patient
95727-4,Contact Name,Pn,ADMIN,name,Other
95728-2,Contact Address,Addr,ADMIN,address,Other
95730-8,Surviving spouse name,Pn,ADMIN,name,Patient
95731-6,Mother's Maiden name,Pn,ADMIN,name,Other
95884-3,Date data collected for Report,Date,PUBLICHEALTH,date,Other
95895-9,Event start date,Date,PUBLICHEALTH,date,Other
96676-2,Employer phone number,Tele,ADMIN.PATIENT,"number, phone",Patient
96677-0,School Address,Addr,ADMIN,address,Other
97499-8,Proof of COVID-19 recovery certificate,Find,DOC.ADMIN,certificate,Other
97500-3,Proof of COVID-19 immunization or negative status certificate,Find,DOC.ADMIN,certificate,Other
97845-2,Name panel Person,-,PANEL.ADMIN,name,Other
97846-0,Name use Person,Find,ADMIN,name,Other
97847-8,Last (Family) name Person,Pn,ADMIN,name,Other
97848-6,First (Given) name Person,Pn,ADMIN,name,Other
97849-4,Name prefix Person,Pn,ADMIN,name,Other
97850-2,Name suffix Person,Pn,ADMIN,name,Other
9851-7,Body temperature device Vendor serial number,ID,DEVICES,number,Other
9854-1,Weighing device Vendor serial number,ID,DEVICES,number,Other
9858-2,Blood pressure device Vendor serial number,ID,DEVICES,number,Other
9865-7,EKG device Vendor serial number,ID,DEVICES,number,Other
99350-1,Date of first infection onset,Date,SURVEY.COVID,date,Patient
99951-6,Entity Postal code,Loc,ADMIN,postal,Other
